stdAR,stdFA,MV1,MV2,stdMV1,stdMV2,stdC1,stdC2,stdO,ER,stdHB,Results
0,0,0,0,0,0,0,0,0,0,0,NO
0,0,0,0,0,0,0,0,0,0,0,NO
0,0,0,0,0,0,0,0,0,0,0,NO
0,0,0,0,0,0,0,0,0,0,0,NO
0,0,0,0,0,0,0,0,0,0,0,NO
0,0,0,0,0,0,0,0,0,0,0,NO
0,0,0,0,0,0,0,0,0,0,0,NO
0,0,0,0,0,0,0,0,0,0,0,NO
0,0,0,0,0,0,0,0,0,0,0,NO
0,0,0,0,0,0,0,0,0,0,0,NO
0,0,0,0,0,0,0,0,0,0,0,NO
0,0,0,0,0,0,0,0,0,0,0,NO
0,0,0,0,0,0,0,0,0,0,0,NO
0,0,0,0,0,0,0,0,0,0,0,NO
0,0,0,0,0,0,0,0,0,0,0,NO
0,0,0,0,0,0,0,0,0,0,0,NO
0,0,0,0,0,0,0,0,0,0,0,NO
0,0,0,0,0,0,0,0,0,0,0,NO
0,0,0,0,0,0,0,0,0,0,0,NO
0,0,0,0,0,0,0,0,0,0,0,NO
0,0,0,0,0,0,0,0,0,0,0,NO
0,0,0,0,0,0,0,0,0,0,0,NO
0,0,0,0,0,0,0,0,0,0,0,NO
0,0,0,0,0,0,0,0,0,0,0,NO
0,0,0,0,0,0,0,0,0,0,0,NO
0,0,0,0,0,0,0,0,0,0,0,NO
0,0,0,0,0,0,0,0,0,0,0,NO
0,0,0,0,0,0,0,0,0,0,0,NO
0,0,0,0,0,0,0,0,0,0,0,NO
0,0,0,0,0,0,0,0,0,0,0,NO
0,0,0,0,0,0,0,0,0,0,0,NO
0,0,0,0,0,0,0,0,0,0,0,NO
0,0,0,0,0,0,0,0,0,0,0,NO
0,0,0,0,0,0,0,0,0,0,0,NO
0,0,0,0,0,0,0,0,0,0,0,NO
0,0,0,0,0,0,0,0,0,0,0,NO
0,0,0,0,0,0,0,0,0,0,0,NO
0,0,0,0,0,0,0,0,0,0,0,NO
0,0,0,0,0,0,0,0,0,0,0,NO
0,0,0,0,0,0,0,0,0,0,0,NO
0,0,0,0,0,0,0,0,0,0,0,NO
0,0,0,0,0,0,0,0,0,0,0,NO
0,0,0,0,0,0,0,0,0,0,0,NO
0,0,0,0,0,0,0,0,0,0,0,NO
0,0,0,0,0,0,0,0,0,0,0,NO
0,0,0,0,0,0,0,0,0,0,0,NO
0,0,0,0,0,0,0,0,0,0,0,NO
0,0,0,0,0,0,0,0,0,0,0,NO
0,0,0,0,0,0,0,0,0,0,0,NO
0,0,0,0,0,0,0,0,0,0,0,NO
0,0,0,0,0,0,0,0,0,0,0,NO
0,0,0,0,0,0,0,0,0,0,0,NO
0,0,0,0,0,0,0,0,0,0,0,NO
0,0,0,0,0,0,0,0,0,0,0,NO
0,0,0,0,0,0,0,0,0,0,0,NO
0,0,0,0,0,0,0,0,0,0,0,NO
0,0,0,0,0,0,0,0,0,0,0,NO
0,0,0,0,0,0,0,0,0,0,0,NO
0,0,0,0,0,0,0,0,0,0,0,NO
0,0,0,0,0,0,0,0,0,0,0,NO
0,0,0,0,0,0,0,0,0,0,0,NO
0,0,0,0,0,0,0,0,0,0,0,NO
0,0,0,0,0,0,0,0,0,0,0,NO
0,0,0,0,0,0,0,0,0,0,0,NO
0,0,0,0,0,0,0,0,0,0,0,NO
0,0,0,0,0,0,0,0,0,0,0,NO
0,0,0,0,0,0,0,0,0,0,0,NO
0,0,0,0,0,0,0,0,0,0,0,NO
0,0,0,0,0,0,0,0,0,0,0,NO
0,0,0,0,0,0,0,0,0,0,0,NO
0,0,0,0,0,0,0,0,0,0,0,NO
0,0,0,0,0,0,0,0,0,0,0,NO
0,0,0,0,0,0,0,0,0,0,0,NO
0,0,0,0,0,0,0,0,0,0,0,NO
0,0,0,0,0,0,0,0,0,0,0,NO
0,0,0,0,0,0,0,0,0,0,0,NO
0,0,0,0,0,0,0,0,0,0,0,NO
0,0,0,0,0,0,0,0,0,0,0,NO
0,0,0,0,0,0,0,0,0,0,0,NO
0,0,0,0,0,0,0,0,0,0,0,NO
0,0,0,0,0,0,0,0,0,0,0,NO
0,0,0,0,0,0,0,0,0,0,0,NO
0,0,0,0,0,0,0,0,0,0,0,NO
0,0,0,0,0,0,0,0,0,0,0,NO
0,0,0,0,0,0,0,0,0,0,0,NO
0,0,0,0,0,0,0,0,0,0,0,NO
0,0,0,0,0,0,0,0,0,0,0,NO
0,0,0,0,0,0,0,0,0,0,0,NO
0,0,0,0,0,0,0,0,0,0,0,NO
0,0,0,0,0,0,0,0,0,0,0,NO
0,0,0,0,0,0,0,0,0,0,0,NO
0,0,0,0,0,0,0,0,0,0,0,NO
0,0,0,0,0,0,0,0,0,0,0,NO
0,0,0,0,0,0,0,0,0,0,0,NO
0,0,0,0,0,0,0,0,0,0,0,NO
0,0,0,0,0,0,0,0,0,0,0,NO
0,0,0,0,0,0,0,0,0,0,0,NO
0,0,0,0,0,0,0,0,0,0,0,NO
0,0,0,0,0,0,0,0,0,0,0,NO
0,0,0,0,0,0,0,0,0,0,0,NO
0,0,0,0,0,0,0,0,0,0,0,NO
0,0,0,0,0,0,0,0,0,0,0,NO
0,0,0,0,0,0,0,0,0,0,0,NO
0,0,0,0,0,0,0,0,0,0,0,NO
0,0,0,0,0,0,0,0,0,0,0,NO
0,0,0,0,0,0,0,0,0,0,0,NO
0,0,0,0,0,0,0,0,0,0,0,NO
0,0,0,0,0,0,0,0,0,0,0,NO
0,0,0,0,0,0,0,0,0,0,0,NO
0,0,0,0,0,0,0,0,0,0,0,NO
0,0,0,0,0,0,0,0,0,0,0,NO
0,0,0,0,0,0,0,0,0,0,0,NO
0,0,0,0,0,0,0,0,0,0,0,NO
0,0,0,0,0,0,0,0,0,0,0,NO
0,0,0,0,0,0,0,0,0,0,0,NO
0,0,0,0,0,0,0,0,0,0,0,NO
0,0,0,0,0,0,0,0,0,0,0,NO
0,0,0,0,0,0,0,0,0,0,0,NO
0,0,0,0,0,0,0,0,0,0,0,NO
0,0,0,0,0,0,0,0,0,0,0,NO
0,0,0,0,0,0,0,0,0,0,0,NO
0,0,0,0,0,0,0,0,0,0,0,NO
0,0,0,0,0,0,0,0,0,0,0,NO
0,0,0,0,0,0,0,0,0,0,0,NO
0,0,0,0,0,0,0,0,0,0,0,NO
0,0,0,0,0,0,0,0,0,0,0,NO
0,0,0,0,0,0,0,0,0,0,0,NO
0,0,0,0,0,0,0,0,0,0,0,NO
0,0,0,0,0,0,0,0,0,0,0,NO
0,0,0,0,0,0,0,0,0,0,0,NO
0,0,0,0,0,0,0,0,0,0,0,NO
0,0,0,0,0,0,0,0,0,0,0,NO
0,0,0,0,0,0,0,0,0,0,0,NO
0,0,0,0,0,0,0,0,0,0,0,NO
0,0,0,0,0,0,0,0,0,0,0,NO
0,0,0,0,0,0,0,0,0,0,0,NO
0,0,0,0,0,0,0,0,0,0,0,NO
0,0,0,0,0,0,0,0,0,0,0,NO
0,0,0,0,0,0,0,0,0,0,0,NO
0,0,0,0,0,0,0,0,0,0,0,NO
0,0,0,0,0,0,0,0,0,0,0,NO
0,0,0,0,0,0,0,0,0,0,0,NO
0,0,0,0,0,0,0,0,0,0,0,NO
0,0,0,0,0,0,0,0,0,0,0,NO
0,0,0,0,0,0,0,0,0,0,0,NO
0,0,0,0,0,0,0,0,0,0,0,NO
0,0,0,0,0,0,0,0,0,0,0,NO
0,0,0,0,0,0,0,0,0,0,0,NO
0,0,0,0,0,0,0,0,0,0,0,NO
0,0,0,0,0,0,0,0,0,0,0,NO
0,0,0,0,0,0,0,0,0,0,0,NO
0,0,0,0,0,0,0,0,0,0,0,NO
0,0,0,0,0,0,0,0,0,0,0,NO
0,0,0,0,0,0,0,0,0,0,0,NO
0,0,0,0,0,0,0,0,0,0,0,NO
0,0,0,0,0,0,0,0,0,0,0,NO
0,0,0,0,0,0,0,0,0,0,0,NO
0,0,0,0,0,0,0,0,0,0,0,NO
0,0,0,0,0,0,0,0,0,0,0,NO
0,0,0,0,0,0,0,0,0,0,0,NO
0,0,0,0,0,0,0,0,0,0,0,NO
0,0,0,0,0,0,0,0,0,0,0,NO
0,0,0,0,0,0,0,0,0,0,0,NO
0,0,0,0,0,0,0,0,0,0,0,NO
0,0,0,0,0,0,0,0,0,0,0,NO
0,0,0,0,0,0,0,0,0,0,0,NO
0,0,0,0,0,0,0,0,0,0,0,NO
0,0,0,0,0,0,0,0,0,0,0,NO
0,0,0,0,0,0,0,0,0,0,0,NO
0,0,0,0,0,0,0,0,0,0,0,NO
0,0,0,0,0,0,0,0,0,0,0,NO
0,0,0,0,0,0,0,0,0,0,0,NO
0,0,0,0,0,0,0,0,0,0,0,NO
0,0,0,0,0,0,0,0,0,0,0,NO
0,0,0,0,0,0,0,0,0,0,0,NO
0,0,0,0,0,0,0,0,0,0,0,NO
0,0,0,0,0,0,0,0,0,0,0,NO
0,0,0,0,0,0,0,0,0,0,0,NO
0,0,0,0,0,0,0,0,0,0,0,NO
0,0,0,0,0,0,0,0,0,0,0,NO
0,0,0,0,0,0,0,0,0,0,0,NO
0,0,0,0,0,0,0,0,0,0,0,NO
0,0,0,0,0,0,0,0,0,0,0,NO
0,0,0,0,0,0,0,0,0,0,0,NO
0,0,0,0,0,0,0,0,0,0,0,NO
0,0,0,0,0,0,0,0,0,0,0,NO
0,0,0,0,0,0,0,0,0,0,0,NO
0,0,0,0,0,0,0,0,0,0,0,NO
0,0,0,0,0,0,0,0,0,0,0,NO
0,0,0,0,0,0,0,0,0,0,0,NO
0,0,0,0,0,0,0,0,0,0,0,NO
0,0,0,0,0,0,0,0,0,0,0,NO
0,0,0,0,0,0,0,0,0,0,0,NO
0,0,0,0,0,0,0,0,0,0,0,NO
0,0,0,0,0,0,0,0,0,0,0,NO
0,0,0,0,0,0,0,0,0,0,0,NO
0,0,0,0,0,0,0,0,0,0,0,NO
0,0,0,0,0,0,0,0,0,0,0,NO
0,0,0,0,0,0,0,0,0,0,0,NO
0,0,0,0,0,0,0,0,0,0,0,NO
0,0,0,0,0,0,0,0,0,0,0.554729953,NO
0,0,0,0,0,0,0,0,0,0,0.596810334,NO
0,0,0,0,0,0,0,0,0,0,0.641892884,NO
0,0,0,0,0,0,0,0,0,0,0.679823359,NO
0,0,0,0,0,0,0,0,0,0,0.742858967,NO
0,0,0,0,0,0,0,0,0,0,0.789472007,NO
0,0,0,0,0,0,0,0,0,0,0.81382613,NO
0,0,0,0,0,0,0,0,0,0,0.843753554,NO
0,0,0,0,0,0,0,0,0,0,0.873010957,NO
0,0,0,0,0,0,0,0,0,0,0.905752764,NO
0,0,0,0,0,0,0,0,0,0,0.938772184,NO
0,0,0,0,0,0,0,0,0,0,1.082764771,NO
0,0,0,0,0,0,0,0,0,0,1.206444622,NO
0,0,0,0,0,0,0,0,0,0,1.332369865,NO
0,0,0,0,0,0,0,0,0,0,1.462004601,NO
0,0,0,0,0,0,0,0,0,0,1.608543792,NO
0,0,0,0,0,0,0,0,0,0,1.841514968,NO
0,0,0,0,0,0,0,0,0,0,2.024435429,NO
0,0,0,0,0,0,0,0,0,0,2.171253129,NO
0,0,0,0,0,0,0,0,0,0,2.291152384,NO
0,0,0,0,0,0,0,0,0,0,2.40224658,NO
0,0,0,0,0,0,0,0,0,0,2.503201102,NO
0,0,0,0,0,0,0,0,0,0,2.583231334,NO
0,0,0,0,0,0,0,0,0,0,2.654370498,NO
0,0,0,0,0,0,0,0,0,0,2.720408915,NO
0,0,0,0,0,0,0,0,0,0,2.776824241,NO
0,0,0,0,0,0,0,0,0,0,2.81873149,NO
0,0,0,0,0,0,0,0,0,0,2.836729132,NO
0,0,0,0,0,0,0,0,0,0,2.826098716,NO
0,0,0,0,0,0,0,0,0,0,2.798461513,NO
0,0,0,0,0,0,0,0,0,0,2.752479141,NO
0,0,0,0,0,0,0,0,0,0,2.687161147,NO
0,0,0,0,0,0,0,0,0,0,2.58699996,NO
0,0,0,0,0,0,0,0,0,0,2.464312789,NO
0,0,0,0,0,0,0,0,0,0,2.355401559,NO
0,0,0,0,0,0,0,0,0,0,2.243638888,NO
0,0,0,0,0,0,0,0,0,0,2.125639684,NO
0,0,0,0,0,0,0,0,0,0,2.017341003,NO
0,0,0,0,0,0,0,0,0,0,1.92171046,NO
0,0,0,0,0,0,0,0,0,0,1.883065617,NO
0,0,0,0,0,0,0,0,0,0,1.962026888,NO
0,0,0,0,0,0,0,0,0,0,2.160100432,NO
0,0,0,0,0,0,0,0,0,0,2.352708664,NO
0,0,0,0,0,0,0,0,0,0,2.558933599,NO
0,0,0,0,0,0,0,0,0,0,2.7645042,NO
0,0,0,0,0,0,0,0,0,0,2.959176372,NO
0,0,0,0,0,0,0,0,0,0,3.12192954,NO
0,0,0,0,0,0,0,0,0,0,3.263094605,NO
0,0,0,0,0,0,0,0,0,0,3.383051851,NO
0,0,0,0,0,0,0,0,0,0,3.484751486,NO
0,0,0,0,0,0,0,0,0,0,3.553407104,NO
0,0,0,0,0,0,0,0,0,0,3.585298033,NO
0,0,0,0,0,0,0,0,0,0,3.59182515,NO
0,0,0,0,0,0,0,0,0,0,3.573745822,NO
0,0,0,0,0,0,0,0,0,0,3.520746252,NO
0,0,0,0,0,0,0,0,0,0,3.448711301,NO
0,0,0,0,0,0,0,0,0,0,3.338409028,NO
0,0,0,0,0,0,0,0,0,0,3.199314153,NO
0,0,0,0,0,0,0,0,0,0,3.034016518,NO
0,0,0,0,0,0,0,0,0,0,2.834867757,NO
0,0,0,0,0,0,0,0,0,0,2.572812511,NO
0,0,0,0,0,0,0,0,0,0,2.270450553,NO
0,0,0,0,0,0,0,0,0,0,1.983622933,NO
0,0,0,0,0,0,0,0,0,0,1.789896372,NO
0,0,0,0,0,0,0,0,0,0,1.589480389,NO
0,0,0,0,0,0,0,0,0,0,1.365894592,NO
0,0,0,0,0,0,0,0,0,0,1.142906752,NO
0,0,0,0,0,0,0,0,0,0,0.962702845,NO
0,0,0,0,0,0,0,0,0,0,0.82850949,NO
0,0,0,0,0,0,0,0,0,0,0.776877905,NO
0,0,0,0,0,0,0,0,0,0,0.840392369,NO
0,0,0,0,0,0,0,0,0,0,0.934568047,NO
0,0,0,0,0,0,0,0,0,0,1.051996821,NO
0,0,0,0,0,0,0,0,0,0,1.162138264,NO
0,0,0,0,0,0,0,0,0,0,1.260156519,NO
0,0,0,0,0,0,0,0,0,0,1.33356289,NO
0,0,0,0,0,0,0,0,0,0,1.402695457,NO
0,0,0,0,0,0,0,0,0,0,1.45395364,NO
0,0,0,0,0,0,0,0,0,0,1.496990375,NO
0,0,0,0,0,0,0,0,0,0,1.516788276,NO
0,0,0,0,0,0,0,0,0,0,1.522999984,NO
0,0,0,0,0,0,0,0,0,0,1.523649137,NO
0,0,0,0,0,0,0,0,0,0,1.522037819,NO
0,0,0,0,0,0,0,0,0,0,1.51105428,NO
0,0,0,0,0,0,0,0,0,0,1.490463602,NO
0,0,0,0,0,0,0,0,0,0,1.4347074,NO
0,0,0,0,0,0,0,0,0,0,1.380841383,NO
0,0,0,0,0,0,0,0,0,0,1.314784981,NO
0,0,0,0,0,0,0,0,0,0,1.222159625,NO
0,0,0,0,0,0,0,0,0,0,1.105650715,NO
0,0,0,0,0,0,0,0,0,0,1.021623253,NO
0,0,0,0,0,0,0,0,0,0,0.919980986,NO
0,0,0,0,0,0,0,0,0,0,0.814267335,NO
0,0,0,0,0,0,0,0,0,0,0.710637513,NO
0,0,0,0,0,0,0,0,0,0,0.622495989,NO
0,0,0,0,0,0,0,0,0,0,0.521740834,NO
0,0,0,0,0,0,0,0,0,0,0.414473229,NO
0,0,0,0,0,0,0,0,0,0,0.331142652,NO
0,0,0,0,0,0,0,0,0,0,0.289045259,NO
0,0,0,0,0,0,0,0,0,0,0.246823529,NO
0,0,0,0,0,0,0,0,0,0,0.233980498,NO
0,0,0,0,0,0,0,0,0,0,0.24476908,NO
0,0,0,0,0,0,0,0,0,0,0.274912007,NO
0,0,0,0,0,0,0,0,0,0,0.304213668,NO
0,0,0,0,0,0,0,0,0,0,0.33010545,NO
0,0,0,0,0,0,0,0,0,0,0.418810406,NO
0,0,0,0,0,0,0,0,0,0,0.495644724,NO
0,0,0,0,0,0,0,0,0,0,0.595920469,NO
0,0,0,0,0,0,0,0,0,0,0.667412307,NO
0,0,0,0,0,0,0,0,0,0,0.727668189,NO
0,0,0,0,0,0,0,0,0,0,0.782610984,NO
0,0,0,0,0,0,0,0,0,0,0.835903827,NO
0,0,0,0,0,0,0,0,0,0,0.881812236,NO
0,0,0,0,0,0,0,0,0,0,0.925405794,NO
0,0,0,0,0,0,0,0,0,0,0.967973199,NO
0,0,0,0,0,0,0,0,0,0,1.008477735,NO
0,0,0,0,0,0,0,0,0,0,1.029005927,NO
0,0,0,0,0,0,0,0,0,0,1.0331179,NO
0,0,0,0,0,0,0,0,0,0,1.033704672,NO
0,0,0,0,0,0,0,0,0,0,1.024727076,NO
0,0,0,0,0,0,0,0,0,0,1.018623904,NO
0,0,0,0,0,0,0,0,0,0,1.013623957,NO
0,0,0,0,0,0,0,0,0,0,1.001489418,NO
0,0,0,0,0,0,0,0,0,0,0.985076052,NO
0,0,0,0,0,0,0,0,0,0,0.955911373,NO
0,0,0,0,0,0,0,0,0,0,0.920972096,NO
0,0,0,0,0,0,0,0,0,0,0.884008638,NO
0,0,0,0,0,0,0,0,0,0,0.837573676,NO
0,0,0,0,0,0,0,0,0,0,0.788379184,NO
0,0,0,0,0,0,0,0,0,0,0.730034785,NO
0,0,0,0,0,0,0,0,0,0,0.66267194,NO
0,0,0,0,0,0,0,0,0,0,0.584821627,NO
0,0,0,0,0,0,0,0,0,0,0.504270309,NO
0,0,0,0,0,0,0,0,0,0,0.416430629,NO
0,0,0,0,0,0,0,0,0,0,0.307542888,NO
0,0,0,0,0,0,0,0,0,0,0.289117027,NO
0,0,0,0,0,0,0,0,0,0,0.25908989,NO
0,0,0,0,0,0,0,0,0,0,0.250148655,NO
0,0,0,0,0,0,0,0,0,0,0.236125273,NO
0,0,0,0,0,0,0,0,0,0,0.22080867,NO
0,0,0,0,0,0,0,0,0,0,0.205661488,NO
0,0,0,0,0,0,0,0,0,0,0.2250945,NO
0,0,0,0,0,0,0,0,0,0,0.243598452,NO
0,0,0,0,0,0,0,0,0,0,0.262569307,NO
0,0,0,0,0,0,0,0,0,0,0.280080958,NO
0,0,0,0,0,0,0,0,0,0,0.3011154,NO
0,0,0,0,0,0,0,0,0,0,0.3174255,NO
0,0,0,0,0,0,0,0,0,0,0.319129951,NO
0,0,0,0,0,0,0,0,0,0,0.313392207,NO
0,0,0,0,0,0,0,0,0,0,0.303621902,NO
0,0,0,0,0,0,0,0,0,0,0.299694744,NO
0,0,0,0,0,0,0,0,0,0,0.295193426,NO
0,0,0,0,0,0,0,0,0,0,0.2826286,NO
0,0,0,0,0,0,0,0,0,0,0.272409807,NO
0,0,0,0,0,0,0,0,0,0,0.26563076,NO
0,0,0,0,0,0,0,0,0,0,0.261897856,NO
0,0,0,0,0,0,0,0,0,0,0.260402425,NO
0,0,0,0,0,0,0,0,0,0,0.260062134,NO
0,0,0,0,0,0,0,0,0,0,0.270884814,NO
0,0,0,0,0,0,0,0,0,0,0.300169659,NO
0,0,0,0,0,0,0,0,0,0,0.319206944,NO
0,0,0,0,0,0,0,0,0,0,0.326276566,NO
0,0,0,0,0,0,0,0,0,0,0.335937949,NO
0,0,0,0,0,0,0,0,0,0,0.354540422,NO
0,0,0,0,0,0,0,0,0,0,0.377650035,NO
0,0,0,0,0,0,0,0,0,0,0.411049034,NO
0,0,0,0,0,0,0,0,0,0,0.456608904,NO
0,0,0,0,0,0,0,0,0,0,0.487431079,NO
0,0,0,0,0,0,0,0,0,0,0.50770083,NO
0,0,0,0,0,0,0,0,0,0,0.536871397,NO
0,0,0,0,0,0,0,0,0,0,0.56512858,NO
0,0,0,0,0,0,0,0,0,0,0.633638163,NO
0,0,0,0,0,0,0,0,0,0,0.709824621,NO
0,0,0,0,0,0,0,0,0,0,0.827659292,NO
0,0,0,0,0,0,0,0,0,0,0.937467472,NO
0,0,0,0,0,0,0,0,0,0,1.027228893,NO
0,0,0,0,0,0,0,0,0,0,1.103017508,NO
0,0,0,0,0,0,0,0,0,0,1.162961791,NO
0,0,0,0,0,0,0,0,0,0,1.216858814,NO
0,0,0,0,0,0,0,0,0,0,1.263256881,NO
0,0,0,0,0,0,0,0,0,0,1.298032626,NO
0,0,0,0,0,0,0,0,0,0,1.322314962,NO
0,0,0,0,0,0,0,0,0,0,1.329443074,NO
0,0,0,0,0,0,0,0,0,0,1.323739865,NO
0,0,0,0,0,0,0,0,0,0,1.307533475,NO
0,0,0,0,0,0,0,0,0,0,1.282121374,NO
0,0,0,0,0,0,0,0,0,0,1.241415094,NO
0,0,0,0,0,0,0,0,0,0,1.249916931,NO
0,0,0,0,0,0,0,0,0,0,1.270202479,NO
0,0,0,0,0,0,0,0,0,0,1.286258543,NO
0,0,0,0,0,0,0,0,0,0,1.289882881,NO
0,0,0,0,0,0,0,0,0,0,1.271321333,NO
0,0,0,0,0,0,0,0,0,0,1.23156465,NO
0,0,0,0,0,0,0,0,0,0,1.182941232,NO
0,0,0,0,0,0,0,0,0,0,1.130082845,NO
0,0,0,0,0,0,0,0,0,0,1.075392755,NO
0,0,0,0,0,0,0,0,0,0,1.029701671,NO
0,0,0,0,0,0,0,0,0,0,0.97105781,NO
0,0,0,0,0,0,0,0,0,0,0.898219514,NO
0,0,0,0,0,0,0,0,0,0,0.815501763,NO
0,0,0,0,0,0,0,0,0,0,0.718404743,NO
0,0,0,0,0,0,0,0,0,0,0.64203856,NO
0,0,0,0,0,0,0,0,0,0,0.576393162,NO
0,0,0,0,0,0,0,0,0,0,0.553041307,NO
0,0,0,0,0,0,0,0,0,0,0.539244958,NO
0,0,0,0,0,0,0,0,0,0,0.52245754,NO
0,0,0,0,0,0,0,0,0,0,0.50246371,NO
0,0,0,0,0,0,0,0,0,0,0.476868906,NO
0,0,0,0,0,0,0,0,0,0,0.454304976,NO
0,0,0,0,0,0,0,0,0,0,0.434409249,NO
0,0,0,0,0,0,0,0,0,0,0.410774491,NO
0,0,0,0,0,0,0,0,0,0,0.385878719,NO
0,0,0,0,0,0,0,0,0,0,0.35352863,NO
0,0,0,0,0,0,0,0,0,0,0.314551004,NO
0,0,0,0,0,0,0,0,0,0,0.272718848,NO
0,0,0,0,0,0,0,0,0,0,0.23042354,NO
0,0,0,0,0,0,0,0,0,0,0.166215949,NO
0,0,0,0,0,0,0,0,0,0,0.169280417,NO
0,0,0,0,0,0,0,0,0,0,0.170291835,NO
0,0,0,0,0,0,0,0,0,0,0.171856835,NO
0,0,0,0,0,0,0,0,0,0,0.171075389,NO
0,0,0,0,0,0,0,0,0,0,0.173816835,NO
0,0,0,0,0,0,0,0,0,0,0.158324318,NO
0,0,0,0,0,0,0,0,0,0,0.144060165,NO
0,0,0,0,0,0,0,0,0,0,0.137036679,NO
0,0,0,0,0,0,0,0,0,0,0.136584214,NO
0,0,0,0,0,0,0,0,0,0,0.140586654,NO
0,0,0,0,0,0,0,0,0,0,0.147684497,NO
0,0,0,0,0,0,0,0,0,0,0.158087232,NO
0,0,0,0,0,0,0,0,0,0,0.169938375,NO
0,0,0,0,0,0,0,0,0,0,0.176504711,NO
0,0,0,0,0,0,0,0,0,0,0.194982433,NO
0,0,0,0,0,0,0,0,0,0,0.221592114,NO
0,0,0,0,0,0,0,0,0,0,0.252253747,NO
0,0,0,0,0,0,0,0,0,0,0.284783468,NO
0,0,0,0,0,0,0,0,0,0,0.317803194,NO
0,0,0,0,0,0,0,0,0,0,0.351659854,NO
0,0,0,0,0,0,0,0,0,0,0.394216758,NO
0,0,0,0,0,0,0,0,0,0,0.435495008,NO
0,0,0,0,0,0,0,0,0,0,0.461355206,NO
0,0,0,0,0,0,0,0,0,0,0.480695855,NO
0,0,0,0,0,0,0,0,0,0,0.497069379,NO
0,0,0,0,0,0,0,0,0,0,0.521885184,NO
0,0,0,0,0,0,0,0,0,0,0.545605925,NO
0,0,0,0,0,0,0,0,0,0,0.567620207,NO
0,0,0,0,0,0,0,0,0,0,0.58330908,NO
0,0,0,0,0,0,0,0,0,0,0.600809957,NO
0,0,0,0,0,0,0,0,0,0,0.593912691,NO
0,0,0,0,0,0,0,0,0,0,0.5927984,NO
0,0,0,0,0,0,0,0,0,0,0.593856729,NO
0,0,0,0,0,0,0,0,0,0,0.597004717,NO
0,0,0,0,0,0,0,0,0,0,0.594903247,NO
0,0,0,0,0,0,0,0,0,0,0.580797207,NO
0,0,0,0,0,0,0,0,0,0,0.571917417,NO
0,0,0,0,0,0,0,0,0,0,0.560669263,NO
0,0,0,0,0,0,0,0,0,0,0.550569835,NO
0,0,0,0,0,0,0,0,0,0,0.543113141,NO
0,0,0,0,0,0,0,0,0,0,0.536602679,NO
0,0,0,0,0,0,0,0,0,0,0.532470931,NO
0,0,0,0,0,0,0,0,0,0,0.529386504,NO
0,0,0,0,0,0,0,0,0,0,0.528711048,NO
0,0,0,0,0,0,0,0,0,0,0.528907483,NO
0,0,0,0,0,0,0,0,0,0,0.529483089,NO
0,0,0,0,0,0,0,0,0,0,0.532302734,NO
0,0,0,0,0,0,0,0,0,0,0.535011473,NO
0,0,0,0,0,0,0,0,0,0,0.539757843,NO
0,0,0,0,0,0,0,0,0,0,0.546826373,NO
0,0,0,0,0,0,0,0,0,0,0.580970008,NO
0,0,0,0,0,0,0,0,0,0,0.623964439,NO
0,0,0,0,0,0,0,0,0,0,0.678388204,NO
0,0,0,0,0,0,0,0,0,0,0.749907028,NO
0,0,0,0,0,0,0,0,0,0,0.796926085,NO
0,0,0,0,0,0,0,0,0,0,0.831876294,NO
0,0,0,0,0,0,0,0,0,0,0.863000234,NO
0,0,0,0,0,0,0,0,0,0,0.896232924,NO
0,0,0,0,0,0,0,0,0,0,0.934532882,NO
0,0,0,0,0,0,0,0,0,0,0.984196568,NO
0,0,0,0,0,0,0,0,0,0,1.006201272,NO
0,0,0,0,0,0,0,0,0,0,1.010933222,NO
0,0,0,0,0,0,0,0,0,0,1.00116483,NO
0,0,0,0,0,0,0,0,0,0,2.370532676,NO
0,0,0,0,0,0,0,0,0,0,3.130571083,NO
0,0,0,0,0,0,0,0,0,0,3.690187745,NO
0,0,0,0,0,0,0,0,0,0,4.108102561,NO
0,0,0,0,0,0,0,0,0,0,4.443182581,NO
0,0,0,0,0,0,0,0,0,0,4.718923071,NO
0,0,0,0,0,0,0,0,0,0,4.944330435,NO
0,0,0,0,0,0,0,0,0,0,5.12305657,NO
0,0,0,0,0,0,0,0,0,0,5.264537938,NO
0,0,0,0,0,0,0,0,0,0,5.367140418,NO
0,0,0,0,0,0,0,0,0,0,5.438110269,NO
0,0,0,0,0,0,0,0,0,0,5.482753898,NO
0,0,0,0,0,0,0,0,0,0,5.492446973,NO
0,0,0,0,0,0,0,0,0,0,5.471572481,NO
0,0,0,0,0,0,0,0,0,0,5.41999781,NO
0,0,0,0,0,0,0,0,0,0,5.346134731,NO
0,0,0,0,0,0,0,0,0,0,5.246103602,NO
0,0,0,0,0,0,0,0,0,0,5.144928883,NO
0,0,0,0,0,0,0,0,0,0,5.026832832,NO
0,0,0,0,0,0,0,0,0,0,4.890704341,NO
0,0,0,0,0,0,0,0,0,0,4.743681528,NO
0,0,0,0,0,0,0,0,0,0,4.553838789,NO
0,0,0,0,0,0,0,0,0,0,4.323745163,NO
0,0,0,0,0,0,0,0,0,0,4.053391426,NO
0,0,0,0,0,0,0,0,0,0,3.741364028,NO
0,0,0,0,0,0,0,0,0,0,3.382716911,NO
0,0,0,0,0,0,0,0,0,0,2.977863945,NO
0,0,0,0,0,0,0,0,0,0,2.484269714,NO
0,0,0,0,0,0,0,0,0,0,1.822198425,NO
0,0,0,0,0,0,0,0,0,0,0.557500595,NO
0,0,0,0,0,0,0,0,0,0,0.565332474,NO
0,0,0,0,0,0,0,0,0,0,0.565441572,NO
0,0,0,0,0,0,0,0,0,0,0.563016544,NO
0,0,0,0,0,0,0,0,0,0,0.571908084,NO
0,0,0,0,0,0,0,0,0,0,0.580608361,NO
0,0,0,0,0,0,0,0,0,0,0.582300888,NO
0,0,0,0,0,0,0,0,0,0,0.582660432,NO
0,0,0,0,0,0,0,0,0,0,0.583345073,NO
0,0,0,0,0,0,0,0,0,0,0.584372509,NO
0,0,0,0,0,0,0,0,0,0,0.589068597,NO
0,0,0,0,0,0,0,0,0,0,0.592029644,NO
0,0,0,0,0,0,0,0,0,0,0.585981688,NO
0,0,0,0,0,0,0,0,0,0,0.5861131,NO
0,0,0,0,0,0,0,0,0,0,0.593349508,NO
0,0,0,0,0,0,0,0,0,0,0.599545485,NO
0,0,0,0,0,0,0,0,0,0,0.604446292,NO
0,0,0,0,0,0,0,0,0,0,0.611274585,NO
0,0,0,0,0,0,0,0,0,0,0.613423659,NO
0,0,0,0,0,0,0,0,0,0,0.604769413,NO
0,0,0,0,0,0,0,0,0,0,0.596476347,NO
0,0,0,0,0,0,0,0,0,0,0.581893176,NO
0,0,0,0,0,0,0,0,0,0,0.568863998,NO
0,0,0,0,0,0,0,0,0,0,0.548846664,NO
0,0,0,0,0,0,0,0,0,0,0.525504031,NO
0,0,0,0,0,0,0,0,0,0,0.517901049,NO
0,0,0,0,0,0,0,0,0,0,0.517815221,NO
0,0,0,0,0,0,0,0,0,0,0.516018122,NO
0,0,0,0,0,0,0,0,0,0,0.511519926,NO
0,0,0,0,0,0,0,0,0,0,0.526614123,NO
0,0,0,0,0,0,0,0,0,0,0.548241836,NO
0,0,0,0,0,0,0,0,0,0,0.572259926,NO
0,0,0,0,0,0,0,0,0,0,0.587170213,NO
0,0,0,0,0,0,0,0,0,0,0.598584905,NO
0,0,0,0,0,0,0,0,0,0,0.613363945,NO
0,0,0,0,0,0,0,0,0,0,0.620635251,NO
0,0,0,0,0,0,0,0,0,0,0.626342209,NO
0,0,0,0,0,0,0,0,0,0,0.626001041,NO
0,0,0,0,0,0,0,0,0,0,0.626822775,NO
0,0,0,0,0,0,0,0,0,0,0.625188835,NO
0,0,0,0,0,0,0,0,0,0,0.621723571,NO
0,0,0,0,0,0,0,0,0,0,0.613552434,NO
0,0,0,0,0,0,0,0,0,0,0.602317731,NO
0,0,0,0,0,0,0,0,0,0,0.59036677,NO
0,0,0,0,0,0,0,0,0,0,0.578127662,NO
0,0,0,0,0,0,0,0,0,0,0.562538901,NO
0,0,0,0,0,0,0,0,0,0,0.550668338,NO
0,0,0,0,0,0,0,0,0,0,0.539612055,NO
0,0,0,0,0,0,0,0,0,0,0.524507594,NO
0,0,0,0,0,0,0,0,0,0,0.50117549,NO
0,0,0,0,0,0,0,0,0,0,0.476325277,NO
0,0,0,0,0,0,0,0,0,0,0.445618854,NO
0,0,0,0,0,0,0,0,0,0,0.407735273,NO
0,0,0,0,0,0,0,0,0,0,0.360418421,NO
0,0,0,0,0,0,0,0,0,0,0.311427393,NO
0,0,0,0,0,0,0,0,0,0,0.27202437,NO
0,0,0,0,0,0,0,0,0,0,0.233471017,NO
0,0,0,0,0,0,0,0,0,0,0.196013242,NO
0,0,0,0,0,0,0,0,0,0,0.144241057,NO
0,0,0,0,0,0,0,0,0,0,0.129680421,NO
0,0,0,0,0,0,0,0,0,0,0.121055975,NO
0,0,0,0,0,0,0,0,0,0,0.123937726,NO
0,0,0,0,0,0,0,0,0,0,0.123545187,NO
0,0,0,0,0,0,0,0,0,0,0.119846189,NO
0,0,0,0,0,0,0,0,0,0,0.121526727,NO
0,0,0,0,0,0,0,0,0,0,0.120952819,NO
0,0,0,0,0,0,0,0,0,0,0.130141956,NO
0,0,0,0,0,0,0,0,0,0,0.136914795,NO
0,0,0,0,0,0,0,0,0,0,0.140630797,NO
0,0,0,0,0,0,0,0,0,0,0.141158233,NO
0,0,0,0,0,0,0,0,0,0,0.141297043,NO
0,0,0,0,0,0,0,0,0,0,0.139995755,NO
0,0,0,0,0,0,0,0,0,0,0.139459931,NO
0,0,0,0,0,0,0,0,0,0,0.14108523,NO
0,0,0,0,0,0,0,0,0,0,0.139917732,NO
0,0,0,0,0,0,0,0,0,0,0.140239116,NO
0,0,0,0,0,0,0,0,0,0,0.143291881,NO
0,0,0,0,0,0,0,0,0,0,0.145144686,NO
0,0,0,0,0,0,0,0,0,0,0.141599685,NO
0,0,0,0,0,0,0,0,0,0,0.1375143,NO
0,0,0,0,0,0,0,0,0,0,0.133984895,NO
0,0,0,0,0,0,0,0,0,0,0.129566745,NO
0,0,0,0,0,0,0,0,0,0,0.123304383,NO
0,0,0,0,0,0,0,0,0,0,0.117219444,NO
0,0,0,0,0,0,0,0,0,0,0.109785747,NO
0,0,0,0,0,0,0,0,0,0,0.100705054,NO
0,0,0,0,0,0,0,0,0,0,0.089477321,NO
0,0,0,0,0,0,0,0,0,0,0.078063485,NO
0,0,0,0,0,0,0,0,0,0,0.061861614,NO
0,0,0,0,0,0,0,0,0,0,0.060307064,NO
0,0,0,0,0,0,0,0,0,0,0.058461579,NO
0,0,0,0,0,0,0,0,0,0,0.059217835,NO
0,0,0,0,0,0,0,0,0,0,0.05937381,NO
0,0,0,0,0,0,0,0,0,0,0.059510441,NO
0,0,0,0,0,0,0,0,0,0,0.059627861,NO
0,0,0,0,0,0,0,0,0,0,0.059726185,NO
0,0,0,0,0,0,0,0,0,0,0.058371312,NO
0,0,0,0,0,0,0,0,0,0,0.056933785,NO
0,0,0,0,0,0,0,0,0,0,0.05708008,NO
0,0,0,0,0,0,0,0,0,0,0.055348457,NO
0,0,0,0,0,0,0,0,0,0,0.055386034,NO
0,0,0,0,0,0,0,0,0,0,0.04816967,NO
0,0,0,0,0,0,0,0,0,0,0.045095517,NO
0,0,0,0,0,0,0,0,0,0,0.045071797,NO
0,0,0,0,0,0,0,0,0,0,0.042574371,NO
0,0,0,0,0,0,0,0,0,0,0.043782625,NO
0,0,0,0,0,0,0,0,0,0,0.043414629,NO
0,0,0,0,0,0,0,0,0,0,0.041891756,NO
0,0,0,0,0,0,0,0,0,0,0.039263905,NO
0,0,0,0,0,0,0,0,0,0,0.036334623,NO
0,0,0,0,0,0,0,0,0,0,0.037239161,NO
0,0,0,0,0,0,0,0,0,0,0.037991092,NO
0,0,0,0,0,0,0,0,0,0,0.034822284,NO
0,0,0,0,0,0,0,0,0,0,0.035469281,NO
0,0,0,0,0,0,0,0,0,0,0.036080666,NO
0,0,0,0,0,0,0,0,0,0,0.03665822,NO
0,0,0,0,0,0,0,0,0,0,0.037221651,NO
0,0,0,0,0,0,0,0,0,0,0.035029328,NO
0,0,0,0,0,0,0,0,0,0,0.032271635,NO
0,0,0,0,0,0,0,0,0,0,0.032620025,NO
0,0,0,0,0,0,0,0,0,0,0.032918324,NO
0,0,0,0,0,0,0,0,0,0,0.031549417,NO
0,0,0,0,0,0,0,0,0,0,0.032618611,NO
0,0,0,0,0,0,0,0,0,0,0.032867551,NO
0,0,0,0,0,0,0,0,0,0,0.033092755,NO
0,0,0,0,0,0,0,0,0,0,0.033294706,NO
0,0,0,0,0,0,0,0,0,0,0.033473824,NO
0,0,0,0,0,0,0,0,0,0,0.0335944,NO
0,0,0,0,0,0,0,0,0,0,0.075076024,NO
0,0,0,0,0,0,0,0,0,0,0.118900784,NO
0,0,0,0,0,0,0,0,0,0,0.20834383,NO
0,0,0,0,0,0,0,0,0,0,0.360260445,NO
0,0,0,0,0,0,0,0,0,0,0.454689116,NO
0,0,0,0,0,0,0,0,0,0,0.585429113,NO
0,0,0,0,0,0,0,0,0,0,0.780860098,NO
0,0,0,0,0,0,0,0,0,0,0.959544635,NO
0,0,0,0,0,0,0,0,0,0,1.09598394,NO
0,0,0,0,0,0,0,0,0,0,1.200105451,NO
0,0,0,0,0,0,0,0,0,0,1.290664546,NO
0,0,0,0,0,0,0,0,0,0,1.374597402,NO
0,0,0,0,0,0,0,0,0,0,1.461773874,NO
0,0,0,0,0,0,0,0,0,0,1.534921023,NO
0,0,0,0,0,0,0,0,0,0,1.59174772,NO
0,0,0,0,0,0,0,0,0,0,1.635635724,NO
0,0,0,0,0,0,0,0,0,0,1.659641434,NO
0,0,0,0,0,0,0,0,0,0,1.67839628,NO
0,0,0,0,0,0,0,0,0,0,1.681065186,NO
0,0,0,0,0,0,0,0,0,0,1.671742208,NO
0,0,0,0,0,0,0,0,0,0,1.66165617,NO
0,0,0,0,0,0,0,0,0,0,1.648515736,NO
0,0,0,0,0,0,0,0,0,0,1.621559456,NO
0,0,0,0,0,0,0,0,0,0,1.583283871,NO
0,0,0,0,0,0,0,0,0,0,1.532670066,NO
0,0,0,0,0,0,0,0,0,0,1.464995158,NO
0,0,0,0,0,0,0,0,0,0,1.390089219,NO
0,0,0,0,0,0,0,0,0,0,1.299753835,NO
0,0,0,0,0,0,0,0,0,0,1.192570018,NO
0,0,0,0,0,0,0,0,0,0,1.058925893,NO
0,0,0,0,0,0,0,0,0,0,0.931653982,NO
0,0,0,0,0,0,0,0,0,0,0.783508587,NO
0,0,0,0,0,0,0,0,0,0,0.644691761,NO
0,0,0,0,0,0,0,0,0,0,0.552681473,NO
0,0,0,0,0,0,0,0,0,0,0.425262204,NO
0,0,0,0,0,0,0,0,0,0,0.331826016,NO
0,0,0,0,0,0,0,0,0,0,0.322118311,NO
0,0,0,0,0,0,0,0,0,0,0.326640106,NO
0,0,0,0,0,0,0,0,0,0,0.32325586,NO
0,0,0,0,0,0,0,0,0,0,0.311413399,NO
0,0,0,0,0,0,0,0,0,0,0.301536638,NO
0,0,0,0,0,0,0,0,0,0,0.29441567,NO
0,0,0,0,0,0,0,0,0,0,0.293914412,NO
0,0,0,0,0,0,0,0,0,0,0.293399292,NO
0,0,0,0,0,0,0,0,0,0,0.292382039,NO
0,0,0,0,0,0,0,0,0,0,0.291874651,NO
0,0,0,0,0,0,0,0,0,0,0.283212715,NO
0,0,0,0,0,0,0,0,0,0,0.282008887,NO
0,0,0,0,0,0,0,0,0,0,0.281848468,NO
0,0,0,0,0,0,0,0,0,0,0.291611839,NO
0,0,0,0,0,0,0,0,0,0,0.318162731,NO
0,0,0,0,0,0,0,0,0,0,0.367349952,NO
0,0,0,0,0,0,0,0,0,0,0.41230327,NO
0,0,0,0,0,0,0,0,0,0,0.468943255,NO
0,0,0,0,0,0,0,0,0,0,0.684019441,NO
0,0,0,0,0,0,0,0,0,0,0.891084601,NO
0,0,0,0,0,0,0,0,0,0,1.105698083,NO
0,0,0,0,0,0,0,0,0,0,1.328942614,NO
0,0,0,0,0,0,0,0,0,0,1.54865678,NO
0,0,0,0,0,0,0,0,0,0,1.845717329,NO
0,0,0,0,0,0,0,0,0,0,2.112659782,NO
0,0,0,0,0,0,0,0,0,0,2.343424262,NO
0,0,0,0,0,0,0,0,0,0,2.553945317,NO
0,0,0,0,0,0,0,0,0,0,2.720496954,NO
0,0,0,0,0,0,0,0,0,0,2.862886615,NO
0,0,0,0,0,0,0,0,0,0,2.982811441,NO
0,0,0,0,0,0,0,0,0,0,3.08025996,NO
0,0,0,0,0,0,0,0,0,0,3.150098377,NO
0,0,0,0,0,0,0,0,0,0,3.188693953,NO
0,0,0,0,0,0,0,0,0,0,3.226432859,NO
0,0,0,0,0,0,0,0,0,0,3.259287208,NO
0,0,0,0,0,0,0,0,0,0,3.304477832,NO
0,0,0,0,0,0,0,0,0,0,3.33557006,NO
0,0,0,0,0,0,0,0,0,0,3.341770218,NO
0,0,0,0,0,0,0,0,0,0,3.337128692,NO
0,0,0,0,0,0,0,0,0,0,3.30078576,NO
0,0,0,0,0,0,0,0,0,0,3.27548904,NO
0,0,0,0,0,0,0,0,0,0,3.237967045,NO
0,0,0,0,0,0,0,0,0,0,3.166777039,NO
0,0,0,0,0,0,0,0,0,0,3.069084715,NO
0,0,0,0,0,0,0,0,0,0,2.935370947,NO
0,0,0,0,0,0,0,0,0,0,2.776234935,NO
0,0,0,0,0,0,0,0,0,0,2.595726374,NO
0,0,0,0,0,0,0,0,0,0,2.407861335,NO
0,0,0,0,0,0,0,0,0,0,2.290696095,NO
0,0,0,0,0,0,0,0,0,0,2.155301347,NO
0,0,0,0,0,0,0,0,0,0,2.02113424,NO
0,0,0,0,0,0,0,0,0,0,1.887797835,NO
0,0,0,0,0,0,0,0,0,0,1.75779081,NO
0,0,0,0,0,0,0,0,0,0,1.693675667,NO
0,0,0,0,0,0,0,0,0,0,1.644467316,NO
0,0,0,0,0,0,0,0,0,0,1.598368758,NO
0,0,0,0,0,0,0,0,0,0,1.56177692,NO
0,0,0,0,0,0,0,0,0,0,1.509600365,NO
0,0,0,0,0,0,0,0,0,0,1.452874214,NO
0,0,0,0,0,0,0,0,0,0,1.389152516,NO
0,0,0,0,0,0,0,0,0,0,1.314508527,NO
0,0,0,0,0,0,0,0,0,0,1.218884257,NO
0,0,0,0,0,0,0,0,0,0,1.084041753,NO
0,0,0,0,0,0,0,0,0,0,0.961969814,NO
0,0,0,0,0,0,0,0,0,0,0.849963452,NO
0,0,0,0,0,0,0,0,0,0,0.776977264,NO
0,0,0,0,0,0,0,0,0,0,0.694322279,NO
0,0,0,0,0,0,0,0,0,0,0.598895574,NO
0,0,0,0,0,0,0,0,0,0,0.551275054,NO
0,0,0,0,0,0,0,0,0,0,0.559871554,NO
0,0,0,0,0,0,0,0,0,0,0.657327571,NO
0,0,0,0,0,0,0,0,0,0,0.785125266,NO
0,0,0,0,0,0,0,0,0,0,0.9118967,NO
0,0,0,0,0,0,0,0,0,0,1.043327828,NO
0,0,0,0,0,0,0,0,0,0,1.184127917,NO
0,0,0,0,0,0,0,0,0,0,1.339193987,NO
0,0,0,0,0,0,0,0,0,0,1.49578694,NO
0,0,0,0,0,0,0,0,0,0,1.644315534,NO
0,0,0,0,0,0,0,0,0,0,1.767241965,NO
0,0,0,0,0,0,0,0,0,0,1.879448571,NO
0,0,0,0,0,0,0,0,0,0,2.003816433,NO
0,0,0,0,0,0,0,0,0,0,2.115412705,NO
0,0,0,0,0,0,0,0,0,0,2.224390803,NO
0,0,0,0,0,0,0,0,0,0,2.320375192,NO
0,0,0,0,0,0,0,0,0,0,2.40589341,NO
0,0,0,0,0,0,0,0,0,0,2.478230046,NO
0,0,0,0,0,0,0,0,0,0,2.542270539,NO
0,0,0,0,0,0,0,0,0,0,2.59514764,NO
0,0,0,0,0,0,0,0,0,0,2.64735853,NO
0,0,0,0,0,0,0,0,0,0,2.697177742,NO
0,0,0,0,0,0,0,0,0,0,2.722259324,NO
0,0,0,0,0,0,0,0,0,0,2.718084742,NO
0,0,0,0,0,0,0,0,0,0,2.685964953,NO
0,0,0,0,0,0,0,0,0,0,2.617003249,NO
0,0,0,0,0,0,0,0,0,0,2.510598028,NO
0,0,0,0,0,0,0,0,0,0,2.386191809,NO
0,0,0,0,0,0,0,0,0,0,2.251516023,NO
0,0,0,0,0,0,0,0,0,0,2.140121759,NO
0,0,0,0,0,0,0,0,0,0,2.044832107,NO
0,0,0,0,0,0,0,0,0,0,1.966504704,NO
0,0,0,0,0,0,0,0,0,0,1.88726998,NO
0,0,0,0,0,0,0,0,0,0,1.807414104,NO
0,0,0,0,0,0,0,0,0,0,1.720325666,NO
0,0,0,0,0,0,0,0,0,0,1.63225679,NO
0,0,0,0,0,0,0,0,0,0,1.542659426,NO
0,0,0,0,0,0,0,0,0,0,1.462157386,NO
0,0,0,0,0,0,0,0,0,0,1.387019542,NO
0,0,0,0,0,0,0,0,0,0,1.324743419,NO
0,0,0,0,0,0,0,0,0,0,1.249305642,NO
0,0,0,0,0,0,0,0,0,0,1.165858982,NO
0,0,0,0,0,0,0,0,0,0,1.10315457,NO
0,0,0,0,0,0,0,0,0,0,1.031116429,NO
0,0,0,0,0,0,0,0,0,0,0.986353131,NO
0,0,0,0,0,0,0,0,0,0,0.934224134,NO
0,0,0,0,0,0,0,0,0,0,0.891806807,NO
0,0,0,0,0,0,0,0,0,0,0.843918114,NO
0,0,0,0,0,0,0,0,0,0,0.802779252,NO
0,0,0,0,0,0,0,0,0,0,0.767253798,NO
0,0,0,0,0,0,0,0,0,0,0.751758478,NO
0,0,0,0,0,0,0,0,0,0,0.756260615,NO
0,0,0,0,0,0,0,0,0,0,0.745699588,NO
0,0,0,0,0,0,0,0,0,0,0.719735819,NO
0,0,0,0,0,0,0,0,0,0,0.698611108,NO
0,0,0,0,0,0,0,0,0,0,0.683749534,NO
0,0,0,0,0,0,0,0,0,0,0.675692284,NO
0,0,0,0,0,0,0,0,0,0,0.687862948,NO
0,0,0,0,0,0,0,0,0,0,0.698009485,NO
0,0,0,0,0,0,0,0,0,0,0.710970724,NO
0,0,0,0,0,0,0,0,0,0,0.725410677,NO
0,0,0,0,0,0,0,0,0,0,0.748691393,NO
0,0,0,0,0,0,0,0,0,0,0.778747347,NO
0,0,0,0,0,0,0,0,0,0,0.793460447,NO
0,0,0,0,0,0,0,0,0,0,0.799211393,NO
0,0,0,0,0,0,0,0,0,0,0.799787363,NO
0,0,0,0,0,0,0,0,0,0,0.788830555,NO
0,0,0,0,0,0,0,0,0,0,0.768951105,NO
0,0,0,0,0,0,0,0,0,0,0.738902317,NO
0,0,0,0,0,0,0,0,0,0,0.703713023,NO
0,0,0,0,0,0,0,0,0,0,0.666039139,NO
0,0,0,0,0,0,0,0,0,0,0.627933321,NO
0,0,0,0,0,0,0,0,0,0,0.585595164,NO
0,0,0,0,0,0,0,0,0,0,0.535051975,NO
0,0,0,0,0,0,0,0,0,0,0.514449994,NO
0,0,0,0,0,0,0,0,0,0,0.498552732,NO
0,0,0,0,0,0,0,0,0,0,0.489648556,NO
0,0,0,0,0,0,0,0,0,0,0.480048479,NO
0,0,0,0,0,0,0,0,0,0,0.468808091,NO
0,0,0,0,0,0,0,0,0,0,0.459130975,NO
0,0,0,0,0,0,0,0,0,0,0.445693419,NO
0,0,0,0,0,0,0,0,0,0,0.430314048,NO
0,0,0,0,0,0,0,0,0,0,0.405009164,NO
0,0,0,0,0,0,0,0,0,0,0.365169297,NO
0,0,0,0,0,0,0,0,0,0,0.302917282,NO
0,0,0,0,0,0,0,0,0,0,0.24565805,NO
0,0,0,0,0,0,0,0,0,0,0.218575605,NO
0,0,0,0,0,0,0,0,0,0,0.200995341,NO
0,0,0,0,0,0,0,0,0,0,0.189432844,NO
0,0,0,0,0,0,0,0,0,0,0.172331576,NO
0,0,0,0,0,0,0,0,0,0,0.149153812,NO
0,0,0,0,0,0,0,0,0,0,0.149499949,NO
0,0,0,0,0,0,0,0,0,0,0.16295786,NO
0,0,0,0,0,0,0,0,0,0,0.175088467,NO
0,0,0,0,0,0,0,0,0,0,0.185561503,NO
0,0,0,0,0,0,0,0,0,0,0.193620734,NO
0,0,0,0,0,0,0,0,0,0,0.191957997,NO
0,0,0,0,0,0,0,0,0,0,0.186971964,NO
0,0,0,0,0,0,0,0,0,0,0.185126287,NO
0,0,0,0,0,0,0,0,0,0,0.187966046,NO
0,0,0,0,0,0,0,0,0,0,0.199393092,NO
0,0,0,0,0,0,0,0,0,0,0.225355576,NO
0,0,0,0,0,0,0,0,0,0,0.247408227,NO
0,0,0,0,0,0,0,0,0,0,0.268886258,NO
0,0,0,0,0,0,0,0,0,0,0.297886348,NO
0,0,0,0,0,0,0,0,0,0,0.347600777,NO
0,0,0,0,0,0,0,0,0,0,0.386030018,NO
0,0,0,0,0,0,0,0,0,0,0.421322856,NO
0,0,0,0,0,0,0,0,0,0,0.458463648,NO
0,0,0,0,0,0,0,0,0,0,0.490433888,NO
0,0,0,0,0,0,0,0,0,0,0.536371265,NO
0,0,0,0,0,0,0,0,0,0,0.591584668,NO
0,0,0,0,0,0,0,0,0,0,0.676708972,NO
0,0,0,0,0,0,0,0,0,0,0.767248014,NO
0,0,0,0,0,0,0,0,0,0,0.8321751,NO
0,0,0,0,0,0,0,0,0,0,0.887672006,NO
0,0,0,0,0,0,0,0,0,0,0.930792821,NO
0,0,0,0,0,0,0,0,0,0,0.966396393,NO
0,0,0,0,0,0,0,0,0,0,0.993635361,NO
0,0,0,0,0,0,0,0,0,0,1.013244552,NO
0,0,11.32888147,289.9248748,0,0,0,0,0,0,1.02448324,NO
0.08578787,32.61523866,-1.597923238,-10.49489936,2.975110028,76.13800221,2.068361311,52.93279797,0,3.485800044,1.024656768,NO
0.109456109,45.31286312,2.04388541,-2.245124839,2.789070183,74.79804697,2.679753003,72.238123,0,4.373714608,1.014822801,NO
0.13964309,54.49495578,6.912117292,-0.529853127,3.07224126,74.51060048,3.351504201,86.1196715,0,3.297978521,0.993238345,NO
0.204830523,61.76564395,2.383786284,3.93125055,4.283304622,74.4427308,4.632724283,97.10548161,44,2.328186799,0.964496781,NO
0.261274261,67.72873361,3.153971883,-4.352165616,4.670193721,74.95193737,5.810827488,106.4390578,0,2.07045384,0.921384878,NO
0.296338032,72.7033332,2.459799482,3.003260301,5.203840552,74.39678377,7.020281445,113.9357352,0,2.166142378,0.938056221,NO
0.329252099,76.88403309,3.092372751,0.655917274,5.621988445,74.78447342,8.190279655,120.4243525,0,1.860381361,0.971442505,NO
0.357790989,80.39871154,-2.948597598,-13.84185608,6.160940264,74.86907656,9.390533115,125.90758,0,1.675821368,0.99404794,NO
0.366194179,83.315343,0.274539015,-2.055284369,5.701018294,73.15328489,10.13512149,129.7793297,635,2.351795796,1.016762218,NO
0.368455247,85.70566468,0.09148215,-14.69143375,5.74584782,72.89707327,10.76961089,132.8361134,727,2.30088307,1.038729736,NO
0.36994149,87.61386384,0.324006724,-7.525114852,5.760758561,71.14342698,11.29963252,134.6481709,1126,2.591664174,1.062660342,NO
0.369821391,89.06710323,2.707156985,-19.13976945,5.813883738,70.25603197,11.75138779,135.650219,1726,2.741067984,1.071542527,NO
0.369630282,90.09588543,0.898711866,10.32743663,6.280474149,68.13243743,12.26166367,135.5898362,2049,3.839576352,1.063814446,NO
0.368057196,90.70264478,4.20211804,-0.171591179,6.432218658,69.33943264,12.71753794,135.3825244,2209,2.707880078,1.051007303,NO
0.365576652,90.90342332,2.165999176,-3.561800763,7.184082754,69.31956466,13.30718438,134.7081537,2559,2.797204283,1.040338768,NO
0.362673142,90.7005609,0.26014717,-9.271856924,7.563836193,68.9122102,13.89351019,133.4804807,2774,2.70604545,1.016556939,NO
0.357869307,90.08960182,4.149531893,-3.932519032,7.608478278,67.88402293,14.35835209,131.5948772,3414,2.930023041,0.987432396,NO
0.352076758,89.06304282,2.725971699,-4.088894684,8.359439369,67.45110528,14.92975614,129.1850041,3518,2.843881266,0.963150815,NO
0.344653651,87.60613779,4.425353849,0.478982845,8.847044458,67.00661088,15.50735297,126.2460819,3478,2.914157698,0.928506437,NO
0.336522747,85.69788185,-2.257687099,-40.88772682,9.656143662,67.05895033,16.18657088,122.8233735,3700,2.967175152,0.89896911,NO
0.347681926,83.31227535,22.12085077,90.39980462,9.271187187,63.34990092,16.54517275,118.6576337,3063,1.238809922,0.872413432,NO
0.351477216,80.40187745,4.399266952,-1.935468703,13.82361124,75.14129814,18.28746948,115.0197254,164,2.753181024,0.864063659,NO
0.358634345,76.90629308,2.873099337,-10.06602675,14.60602811,74.9100143,19.95320178,110.5096993,175,2.467733939,0.860318709,NO
0.355106003,72.73655619,-2.214839048,-35.31074535,15.11398288,73.74284069,21.41916895,104.8875034,774,2.043833808,0.846068013,NO
0.339254498,67.76657118,4.444251701,-1.604654438,14.735438,70.10963051,22.34391514,97.90584531,3718,2.746326617,0.82787982,NO
0.320859704,61.81145742,8.322829511,-6.960519665,15.52959553,69.94130996,23.24722,89.79875243,3799,2.830755425,0.805594724,NO
0.2998575,54.54978617,3.099640122,4.996840585,17.05745291,69.23058159,24.38061132,80.26886926,3344,3.281594817,0.778059234,NO
0.275687985,45.35599391,5.26550729,-2.859586215,17.611411,69.75387925,25.33163929,68.68947997,3685,2.899138755,0.745588172,NO
0.247789878,32.63851706,4.117919828,-4.637229963,18.56605843,69.45894929,26.24482866,53.81370048,3796,3.244310097,0.705888317,NO
0.214606206,0.134870938,4.804980321,-1.17300309,19.19126038,42.00396273,27.01583692,31.38931129,4094,3.341952037,0.661465454,NO
0.212010295,0.134983852,4.343335854,-3.090543175,20.06808584,41.84532294,28.27265181,30.7734709,4521,3.260462529,0.609199174,NO
0.208148665,0.132666868,5.708988204,2.089932474,20.85654401,41.34992914,29.34156714,30.56236919,4574,3.612797063,0.544821655,NO
0.209569717,0.131480115,4.780946497,-4.200441282,21.8637244,41.70335612,30.47164182,30.14347079,4708,3.998360269,0.458656743,NO
0.212081339,0.134418543,5.537842925,0.614436442,22.73563124,40.97558703,31.80854153,29.67737404,4663,4.05263196,0.356707873,NO
0.2089297,0.136653151,6.078143281,3.767649186,23.74684544,41.10368114,33.19220504,28.69288157,4852,3.831399068,0.171773355,NO
0.209103729,0.138527096,6.232100222,-1.95925725,24.86472036,41.70920279,34.67615993,27.55798095,4869,3.941467281,0.132170825,NO
0.203495072,0.13923858,5.705085722,2.933983406,26.00926852,41.37935017,36.22637399,25.96862562,4979,3.402044765,0.120671877,NO
0.194821199,0.134938042,6.02841336,-3.929708371,27.06303934,41.89644362,37.81819852,23.83685381,4888,3.233079391,0.098563614,NO
0.195405822,0.137090081,5.667968611,-0.794576343,28.17985914,41.26248996,39.21282168,22.4884817,5041,2.924801184,0.08853217,NO
0.195778126,0.138613676,7.444690844,24.0977218,29.22909444,41.14582027,40.4915887,20.9946211,4924,2.810531627,0.086980077,NO
0.198425114,0.138181874,2.747214817,-27.54220509,30.61475957,45.43202734,41.73659546,20.0513145,2601,1.904002903,0.087349694,NO
0.198556195,0.141638076,4.381300524,-3.510976627,31.11206562,41.13950606,42.63823827,19.70528601,4831,2.75573449,0.088353167,NO
0.19857751,0.142692021,6.359306303,0.752942371,31.91925883,40.46182592,43.41733587,20.02516521,4929,2.722999883,0.087732877,NO
0.198813705,0.14730818,5.810540619,-2.705092659,33.0859334,40.58571127,44.09151719,19.95660674,4718,2.830657137,0.085663768,NO
0.199176098,0.151403787,6.752049055,1.194408119,34.15859178,40.16730356,44.78332835,19.88492559,4882,2.966324682,0.079712467,NO
0.200231628,0.154356846,4.483487705,-2.608082779,35.41391522,40.38433069,45.43258517,19.80716877,4989,3.058104016,0.070410027,NO
0.201681926,0.157333872,4.337077292,0.357623812,36.2293705,39.98259587,45.77746903,20.00980597,4875,3.362560709,0.067754298,NO
0.204952427,0.160758619,6.298031892,-5.532806981,37.02422383,40.05840631,46.01557754,20.22137496,4905,3.49095498,0.068717616,NO
0.206663872,0.162563693,5.044315703,-1.88206879,38.17976707,39.17738419,46.17554126,20.63279753,5040,3.557800107,0.068499902,NO
0.20837763,0.163701762,4.862711799,-1.494907784,39.1158203,38.36461502,46.27110975,21.05095578,5143,3.493982201,0.067645462,NO
0.187746184,0.155481766,6.272059109,5.166264231,39.76858218,33.56423574,45.86151186,20.69998959,5285,3.283034522,0.070929018,NO
0.169194595,0.137619793,6.079492762,4.441316043,40.92483434,34.54251846,46.49244507,17.87950533,5387,3.412392753,0.073712061,NO
0.12883013,0.100500597,5.90876052,-7.112632594,42.05227749,35.40258466,47.14535442,14.18965849,5530,3.366941345,0.076204981,NO
0.08999322,0.06953447,6.273579435,0.730979931,43.15896469,33.76691644,47.72225467,10.83808518,5947,2.527355282,0.07801105,NO
0.085527478,0.072411532,4.539266502,-0.64556697,44.31533961,33.91294714,47.94116396,10.61378308,5563,2.360403128,0.079183086,NO
0.082299485,0.074378259,5.395493321,0.074883319,45.11704152,33.81846455,48.0480553,10.39767609,5507,2.263670521,0.079741833,NO
0.079568992,32.31663553,4.983017909,0.046308027,46.11435949,33.78416409,48.32074447,10.43166889,5301,2.16956843,0.080075892,NO
0.076138866,44.91022754,6.343404165,-2.842925561,47.02221969,33.80896136,48.44109417,10.13585288,5373,2.145147478,0.080096574,NO
0.075874614,54.01297395,4.665850702,0.213121833,48.19378154,33.30830556,48.60580233,10.02237161,5234,2.115402982,0.077823114,NO
0.075213745,61.20576429,4.817997297,-1.676371102,49.04468254,33.35527248,48.64738403,10.03795037,5322,2.175565759,0.077487827,NO
0.07411212,67.09968482,7.369054684,-2.813676783,49.92685161,33.06311755,48.61331093,10.10508074,4781,2.462438918,0.077340739,NO
0.074216565,72.0190633,5.755357327,0.447095584,51.28359819,32.52985416,48.61920695,10.34768394,5024,2.577023607,0.076595017,NO
0.074725792,76.15048087,3.886080062,-1.942754619,52.34012133,32.63284072,48.64496605,10.41638317,5381,2.782060576,0.073976724,NO
0.075007544,79.61963961,5.529646978,-2.200729221,53.04001358,32.27116144,48.52721222,10.65450366,4860,3.118225817,0.071195223,NO
0.079086099,82.50713022,5.404861076,0.681403881,54.0458477,31.8320923,48.40900728,10.90921625,4805,3.502225256,0.072799393,NO
0.081424037,84.87383214,6.566188423,-3.128439777,55.02709039,31.97049904,48.31669233,10.88810623,4702,3.706010792,0.070784213,NO
0.086054081,86.76187871,5.456050717,0.844316223,56.23146145,31.37087166,48.32828974,11.01596386,4972,3.513101639,0.066396241,NO
0.089565586,88.2016234,5.797091791,5.172262204,57.22374612,31.54781429,48.34706341,10.84101061,5036,3.5055935,0.062417528,NO
0.092604025,89.21503644,5.899588375,1.170532026,58.28280766,32.52403117,48.41303915,10.58818963,5120,3.622351046,0.061781462,NO
0.093742933,89.8161036,5.300137406,-0.923001882,59.34895459,32.25423131,48.51104127,10.27886927,5222,3.354330599,0.057032822,NO
0.071821473,90.01003616,4.85049207,2.04341908,60.33042285,31.87850853,48.71089865,7.098642926,5264,3.058743475,0.054905423,NO
0.070511956,89.80951515,5.347592023,0.467221064,61.21862442,32.28418005,48.7161607,6.629063669,5099,2.835395418,0.055758772,NO
0.067345335,89.20677216,6.916871564,-0.503992903,62.18832665,32.36705041,48.64299144,6.316046108,5167,2.746263523,0.056999732,NO
0.066294985,88.19445588,4.826564493,0.295065902,63.45853027,32.28648008,48.69760319,5.903162064,5085,2.790306012,0.05771564,NO
0.065540838,86.75613423,5.855482533,1.629826077,64.32726631,32.3333877,48.72483538,5.606937579,5155,2.757347137,0.057834928,NO
0.068870439,84.86896363,6.597277823,0.55171044,65.40463141,32.65604529,48.84366094,5.169002258,5232,2.651083397,0.05786254,NO
0.071631265,82.50364513,6.021619337,0.113562021,66.62313922,32.75781004,48.96406343,4.867759267,4995,2.787412572,0.057673769,NO
0.071866247,79.61820442,7.043183502,-1.51482711,67.72064066,32.79903031,49.03536714,4.502826621,4937,2.997837442,0.057481799,NO
0.071385621,76.1498284,5.749535181,-3.172663879,69.01944913,32.52494496,49.22932819,4.415646367,4954,3.209656605,0.057322241,NO
0.071164514,72.01598551,5.498661675,0.012117965,70.07451082,31.94088238,49.39141819,4.410955951,4902,3.503372814,0.057338567,NO
0.071425045,67.09301517,5.832001908,0.477511887,71.07342025,31.8949785,49.49322471,4.426950226,5165,3.692581932,0.055826677,NO
0.072600873,61.19427155,5.785147549,1.006023737,72.13653818,31.94481972,49.63734343,4.241048801,5362,3.627641747,0.054670555,NO
0.075284196,53.99976056,5.119266281,1.419469571,73.19190725,32.15534295,49.8106839,3.62029794,5217,3.685971052,0.094152547,NO
0.077175569,44.89327638,4.317774236,5.892813245,74.11920688,32.41936309,49.96547438,3.501620021,5296,3.547176217,0.118499929,NO
0.07869011,32.30511568,4.267289208,4.382971081,74.90620549,33.55276186,50.08120658,3.576599565,5422,3.506302239,0.140678002,NO
0.078148523,0.034872577,6.530867943,-4.799138472,75.67855174,34.38758274,50.06139743,4.0382321,5478,3.389676836,0.140816528,NO
0.077887309,0.033077245,4.474948715,2.668186325,76.8806987,33.49532729,50.08445868,4.103368599,5259,2.948772327,0.141055681,NO
0.076821006,0.032331934,3.507705288,1.519044243,77.68605737,34.01456845,50.00643324,4.329733148,5090,2.773470346,0.146194726,NO
0.073102419,0.032281641,4.467393636,-0.201589371,78.31989023,34.30022884,49.85875282,4.717492053,5002,2.611444933,0.165303054,NO
0.078012716,0.037178201,4.524813581,2.21186777,79.13339304,34.27092954,49.60441875,5.044158492,5267,2.305145275,0.16771114,NO
0.082004784,0.039981289,3.905755014,1.145654326,79.94095741,34.70177959,49.25525867,5.490785837,5344,2.241080005,0.16765202,NO
0.084761664,0.045167391,5.296574576,0.871427133,80.64280089,34.91506297,48.93508016,5.918240865,5327,2.20922242,0.169058733,NO
0.090855036,0.049994689,7.69904701,-0.408302123,81.61816735,35.08841427,48.63259181,6.338386046,5468,2.124058284,0.167957808,NO
0.094697228,0.053701092,3.646320116,-0.558317741,83.03845024,35.02182669,48.36510273,6.609465152,4970,2.430342191,0.166637626,NO
0.093806696,0.056168637,6.467771001,0.827353308,83.69372694,34.91304888,47.99888757,6.697168927,5276,2.456552971,0.164006319,NO
0.092886213,0.058064805,5.21338862,-0.947962393,84.87382426,35.0814047,47.68681438,6.794931819,4862,2.849187364,0.163985212,NO
0.089423223,0.060677764,5.210835514,-0.142557544,85.82406617,34.89880487,47.42957777,6.600068448,4697,3.283569892,0.163764948,NO
0.085739066,0.062687799,4.511846343,-0.453295005,86.77164778,34.82949847,47.16307978,6.368786467,4768,3.545946344,0.16400467,NO
0.081623193,0.063699537,5.996036468,-3.045957534,87.58668713,34.73690512,46.87082832,6.341174809,4527,3.695460451,1.26490968,NO
0.079227018,0.063282406,4.40996432,0.848168517,88.68579611,34.17356416,46.64674506,6.239484944,4447,3.635994882,1.787988683,NO
0.078121729,0.063484097,3.003072081,5.034665579,89.48823726,34.3193523,46.36465434,6.088464808,4273,3.75337546,2.181005095,NO
0.077755058,0.064020414,4.323206866,1.68585109,90.02273961,35.27597397,45.92157032,6.17034488,4284,3.891634763,2.503658095,NO
0.077714604,0.064893671,4.385800532,1.016663914,90.79526327,35.59699021,45.42756547,6.306909976,4336,3.727803083,2.786166466,NO
0.078000085,0.066462513,3.416743413,0.658531425,91.59325805,35.7868149,44.9906663,6.419991821,4212,3.553624649,3.005688769,NO
0.078851683,0.068871112,2.975077133,1.116474765,92.20211006,35.90021102,44.43435982,6.519300031,4138,3.314196335,3.196138293,NO
0.078797532,0.070700034,4.672441979,1.862256502,92.7227459,36.10734281,43.80613962,6.685994379,4412,2.957382093,3.372218303,NO
0.07957316,0.072112038,5.620552657,2.418885061,93.56704517,36.45827771,43.25512692,6.916677933,4440,2.856464397,3.527449446,NO
0.08076828,0.073099394,3.372533936,1.327302389,94.58342831,36.92276827,42.8041157,7.226164936,4202,3.140763239,3.651274612,NO
0.084357156,0.074789593,6.890070899,-1.01100527,95.18438087,37.18541944,42.3995609,7.462296937,4646,2.781804359,3.755226995,NO
0.087535175,0.075736183,5.2822316,-1.365939811,96.45170046,36.99606744,42.16582021,7.348335114,4340,3.099630328,3.841157996,NO
0.089219699,0.075036381,5.35042362,-0.514502934,97.41242455,36.73781174,41.99663262,7.048284382,4246,3.315444914,3.908826843,NO
0.086306467,0.071876481,4.520523465,0.014627933,98.38635214,36.63532286,41.91805582,6.640171325,4161,3.307200677,3.956135688,NO
0.078941221,0.067401686,3.918271504,0.385812407,99.20785019,36.62924925,41.88164392,6.185832647,3964,3.633650351,3.971990417,NO
0.071638618,0.06264111,3.809958755,1.198310721,99.92075228,36.65214231,41.8173119,5.736413643,3844,3.924450519,3.971757591,NO
0.063461547,0.058304149,4.11807582,0.301913472,100.6135388,36.84382218,41.67499969,5.673514592,3762,3.921537347,3.952971927,NO
0.060450914,0.053730991,2.810155333,2.889386923,101.3496392,36.91763035,41.47035639,5.774969153,3678,3.876256452,3.923335065,NO
0.059857968,0.048342462,2.238649199,4.965094183,101.8527445,37.44656512,41.27185851,5.735824937,3615,3.885742956,3.879167514,NO
0.057591368,0.041387631,2.110813034,5.314574219,102.2541772,38.38189672,40.93892903,6.115744318,3713,3.74420856,3.824187464,NO
0.057286933,0.034775205,4.111481105,-2.2676897,102.6256637,39.39418662,40.4141587,6.890791398,3722,3.73023844,3.758836967,NO
0.056446353,0.031845794,3.553484808,1.377829351,103.3736724,38.95604989,39.86343175,7.287169613,3625,3.454441035,3.657391531,NO
0.055903093,0.028885019,4.156160887,1.095789173,104.0202626,39.20884971,39.26183886,7.756787368,3574,3.126481877,3.519748223,NO
0.055856945,0.027480665,3.832525005,1.060498583,104.7717189,39.41011319,38.60204758,8.229873271,3772,2.727914969,3.344261901,NO
0.053742211,0.027283399,3.109941254,1.689615422,105.4452423,39.61207781,37.95647847,8.694901382,3698,2.533260179,3.138126264,NO
0.054505867,0.028128838,3.16191068,0.394887512,106.009782,39.93367397,37.45094272,9.150938407,3675,2.444052598,2.886447121,NO
0.05912115,0.031011187,3.280279792,0.355523379,106.5655596,40.0030888,36.84317212,9.501228973,3694,2.532248231,2.583302276,NO
0.061756578,0.032598818,3.878719659,-0.511965696,107.1521663,40.07472251,36.32399138,9.802264464,3490,2.740505474,2.193024512,NO
0.064196976,0.035651761,4.281905366,-0.382828449,107.8516878,39.97944392,35.85658559,9.942027576,3562,2.876496087,1.654534383,NO
0.06520646,0.039115621,2.817760576,-0.084084506,108.6319404,39.90998729,35.46845382,9.966998205,3687,2.891996883,0.647053781,NO
0.063635715,0.042177958,4.168970569,-0.217417777,109.1259146,39.90667999,35.04118103,9.877282078,3705,3.02729163,0.608680922,NO
0.059391959,0.044376258,2.54732991,-0.682165972,109.885482,39.86099499,34.74770985,9.491500972,3716,3.113737773,0.585099434,NO
0.05406382,0.046608295,2.944835897,0.60907563,110.3478293,39.69442401,34.40896832,9.008588947,3584,3.099448172,0.565650618,NO
0.052991216,0.048657189,4.427434198,-1.376313627,110.8768776,39.79844691,33.96357266,8.76681534,3317,3.089100759,0.552367588,NO
0.050821611,0.049779791,1.62623936,-0.12211648,111.6854468,39.53426813,33.57352191,8.495325654,3252,2.793972018,0.546885965,NO
0.050297434,0.050903656,1.262277932,2.489625533,111.9717816,39.50737473,33.0934808,8.207929088,3238,2.854162508,0.52582553,NO
0.050483996,0.052605094,4.21967809,4.932738502,112.1923053,39.97145086,32.45224729,7.966535111,2971,3.087529371,0.50600105,NO
0.050739457,0.053099147,0.670302535,-1.033971955,112.9597141,40.89732656,31.77626497,7.930399827,2955,2.292636736,0.500120394,NO
0.05080752,0.054247011,1.749228087,2.730032634,113.0516388,40.68727933,30.99065436,7.856480833,3156,3.000053813,0.493016974,NO
0.051097277,0.054643445,1.058126343,0.823804022,113.3612303,41.19553103,30.2312399,7.966012473,3076,3.098608284,0.475230152,NO
0.050651035,0.055671022,1.551666273,-0.005529064,113.516633,41.35595295,29.32391551,8.101118636,2883,3.245854427,0.462122444,NO
0.050829818,0.056815179,1.76119372,-0.09912442,113.7761947,41.36175486,28.54412039,8.1084244,2898,3.299435389,0.448608404,NO
0.050456567,0.058037285,1.451357204,-0.089859299,114.0746208,41.34587487,27.81377684,7.94690061,2889,3.470850634,0.432753485,NO
0.051638974,0.058458468,2.534369142,0.003012612,114.320253,41.3289083,27.1368737,7.646388137,2805,3.601348838,0.417110444,NO
0.053051586,0.058178129,1.097447401,0.01241038,114.7740908,41.32726945,26.52512785,7.230150624,2844,3.284652331,0.402441035,NO
0.054096163,0.057771924,1.139133793,1.551425617,114.9576718,41.32232033,25.8800726,6.710474671,2852,3.626115875,0.394012971,NO
0.053664991,0.055975198,1.159515003,1.830470507,115.146971,41.61322898,25.2070964,6.213966112,2813,3.60312544,0.385666505,NO
0.051591,0.052899403,1.085739309,0.25822365,115.3485927,41.9391383,24.53724976,5.670923655,2805,3.667821172,0.370535755,NO
0.0492971,0.049977313,0.99551725,0.231772876,115.5398741,41.94946672,23.79180216,5.247170173,2778,3.730070882,0.35420322,NO
0.048212432,0.04772741,0.998538866,2.271756845,115.7149327,41.95065563,22.92933899,5.132461841,2787,3.739959085,0.345380032,NO
0.043027959,0.044629979,3.4898938,3.262120875,115.8775682,42.39162929,21.93519744,5.387871671,2778,3.646614676,0.334927607,NO
0.036781817,0.040812471,-1.277207273,-3.557274732,116.5142755,43.00125162,21.06364131,5.688301365,2764,2.945807875,0.323518024,NO
0.031823556,0.035250903,2.373537231,3.152698173,116.2483437,42.32995015,20.06715959,5.730760441,2715,3.620862966,0.314490325,NO
0.029089553,0.028547616,0.936269731,2.874542583,116.6720938,42.92085192,19.16652723,5.950812754,2650,3.1215991,0.308037414,NO
0.029383682,0.024017465,0.208685055,0.636569905,116.8294217,43.4542708,18.28569804,6.333562032,2616,2.922449905,0.308418534,NO
0.033019213,0.022592558,-0.033108499,0.836208162,116.8492602,43.57189352,17.34883638,6.7261084,2690,3.033114299,0.314559807,NO
0.034167206,0.022658957,0.241514603,0.613437676,116.8226844,43.7274367,16.35769053,7.098097527,2673,3.118219289,0.310490444,NO
0.035730079,0.022301448,-0.018365669,-1.315634422,116.8436404,43.84583839,15.34234202,7.435475273,2682,3.184732034,0.309744379,NO
0.035513811,0.0221728,-0.438355285,0.462715934,116.8126699,43.60110511,14.3526056,7.601258745,2661,3.347670597,0.310165144,NO
0.035157691,0.022219359,-0.307163113,-0.010931785,116.7125115,43.6887329,13.42462854,7.70980601,2544,3.417565524,0.32093652,NO
0.035511588,0.022443766,0.069898662,0.945745621,116.6276043,43.68789986,12.4664374,7.747310279,2503,3.617774752,0.323201357,NO
0.035313086,0.022626151,0.811322851,-0.136237576,116.6247759,43.86987439,11.61612081,7.751393521,2461,3.634942506,0.328545065,NO
0.035913634,0.023001647,1.566279821,3.721014068,116.759059,43.84064724,10.7876881,7.637227331,2449,3.64578533,0.327896967,NO
0.035929499,0.022985989,-2.177451847,0.296905589,117.0254375,44.55284897,10.05235061,7.664720304,2354,3.040199717,0.331171268,NO
0.035944236,0.023381847,0.334888785,0.085285233,116.6054403,44.60937382,9.410050863,7.515041681,2329,3.494027755,0.331861527,NO
0.03594051,0.024098979,0.46658319,0.543468409,116.6607837,44.60911214,8.752529364,7.237727684,2299,3.472961599,0.332861918,NO
0.035872533,0.025211174,-2.016305139,2.471155214,116.7207101,44.67407246,8.0534814,7.049131719,2278,3.390423142,0.335458879,NO
0.036090851,0.025447485,0.062555038,0.493394188,116.3368326,45.14687761,7.494708474,7.203952131,2217,3.952873312,0.337468491,NO
0.036203504,0.025967796,0.20043154,-0.557780282,116.3375261,45.22145636,6.873113711,7.238986994,2201,3.915607691,0.333732087,NO
0.036477503,0.02704574,3.658218022,5.928994291,116.3687222,45.11162079,6.275157201,7.301076573,2211,4.025380419,0.325653521,NO
0.036848381,0.027070731,0.957963758,2.239992494,117.0510469,46.24036539,5.743174594,7.691435124,2148,2.790848769,0.323647931,NO
0.036448943,0.027187408,-0.038524652,0.537440106,117.2207202,46.66394547,5.248714799,8.116707702,2191,2.605255801,0.318014238,NO
0.036193984,0.027214202,-3.744352488,6.451931193,117.2042827,46.76558084,4.776533733,8.438437129,2215,2.541963479,0.306898763,NO
0.040305691,0.027019296,1.175061288,-0.832227663,116.4832593,47.99301204,4.201054283,9.10539842,2046,2.764728562,0.300645738,NO
0.042183747,0.026648345,-7.56858515,33.26601474,116.6982832,47.83688618,3.771582366,9.509528577,2224,2.598437266,0.294605924,NO
0.041338898,0.064230951,9.180371871,-24.63240827,115.2708017,54.42045906,3.469761885,13.24856696,0,1.794123735,0.287681007,NO
0.044732022,0.064249978,-3.124085623,24.77071927,117.0087587,50.03201567,3.152338267,13.7474722,1782,2.252040704,0.273006124,NO
0.044611464,0.10482835,5.27920134,-22.74033911,116.4136929,54.82023914,2.7978557,16.17336733,0,1.762677759,0.260396703,NO
0.046685504,0.104818307,-1.198620509,-6.560696574,117.4077908,50.79141239,2.650966376,16.44891256,1674,2.074667888,0.244544831,NO
0.047406285,0.105122633,-0.372319535,1.608924128,117.1754821,49.58462431,2.457939296,16.34575142,2190,1.938724994,0.229143871,NO
0.047957795,0.105206309,1.044495994,-1.657697959,117.0817258,49.86046989,2.278104815,16.30056392,2181,1.872888952,0.207700942,NO
0.048171887,0.104276881,-0.726272722,0.688064377,117.2867517,49.57098375,2.334037241,16.24401981,2240,1.845479012,0.189563205,NO
0.048313245,0.104242494,-0.361754146,0.254652919,117.134118,49.67738615,2.270743839,15.99581457,2244,1.763531015,0.170068896,NO
0.048386878,0.10388054,-1.677523026,-1.906491689,117.0598601,49.70577416,2.283285201,15.80709037,2301,1.748495258,0.153136187,NO
0.048363276,0.103181362,2.08675939,0.11075342,116.7422541,49.35216871,2.277585327,15.61742007,2360,1.797933785,0.13698143,NO
0.047985885,0.102836894,-0.118405246,-0.849590505,117.1370665,49.36769411,2.318036884,15.40013878,2375,1.728844649,0.126668802,NO
0.047785026,0.102799495,-0.710591897,-0.362558683,117.1131949,49.20786926,2.347958355,15.14752274,2462,1.716499078,0.112550137,NO
0.047607432,0.10329422,-0.790429591,-0.381173801,116.9792333,49.14785227,2.357930861,14.86494644,2372,1.673288559,0.100415859,NO
0.047745009,0.104258661,0.808057525,-2.559622284,116.8328192,49.07503153,2.354105424,14.47070708,2282,1.646304277,0.08163833,NO
0.048001736,0.107422626,-0.634302575,-1.052085125,116.9873791,48.60592935,2.351739712,14.02259529,2345,1.620877255,0.073251176,NO
0.048405958,0.110906708,-0.944149693,-0.313379539,116.8672519,48.40687647,2.329577641,13.52000405,2419,1.629499488,0.063111448,NO
0.048882249,0.11404371,-0.831683054,-0.844298495,116.6839381,48.34996008,2.305826269,13.01434421,2462,1.646534507,0.05595175,NO
0.049613873,0.11684588,-3.274030227,1.826012568,116.5167721,48.16836455,2.309505485,12.45246696,2529,1.671255515,0.043793826,NO
0.04981202,0.117678214,-0.842267781,-1.037348231,115.9131573,48.50430523,2.449703676,12.02985001,2637,1.785690917,0.039372353,NO
0.050648675,0.118197346,-1.007217256,-0.478319893,115.7520664,48.31302433,2.61569099,11.5885368,2703,1.833246016,0.038569346,NO
0.051183319,0.118387325,-0.675281448,-1.484956763,115.5590015,48.22170155,2.837650939,11.11664365,2837,1.901429354,0.037743787,NO
0.051184966,0.118201807,-0.899383643,-0.756315684,115.4437186,47.93213096,3.082216692,10.65773249,2901,1.948978635,0.037565488,NO
0.049849609,0.118105836,-2.67767802,0.291453906,115.2735844,47.789913,3.336554495,10.32042307,2951,2.012832007,0.037385067,NO
0.049043211,0.117959233,-0.719693042,0.128104925,114.7676205,47.84686063,3.77282676,9.982313592,2681,2.102540073,0.037660327,NO
0.046589357,0.117617554,-5.915714585,5.189953146,114.6063123,47.82231757,4.206002616,9.586832357,2887,2.200859885,0.037600169,NO
0.043068365,0.117619011,0.241294376,-0.108486211,113.487354,48.7744314,5.077976621,9.380206954,2481,2.587134182,0.036602831,NO
0.039658992,0.11778508,-0.594530455,-0.072175424,113.533219,48.751082,5.709039925,9.244860149,2414,2.639270599,0.035515689,NO
0.035533196,0.117916687,3.106040267,-5.672910385,113.4430315,48.6837212,6.257549583,9.120880923,2426,2.710534005,0.036828257,NO
0.034686349,0.117938649,-1.312973966,0.744127691,114.0236332,47.65213426,6.575157729,9.240199275,2946,2.516650103,0.035511884,NO
0.03411915,0.117984044,-13.12659674,34.15427068,113.8156576,47.16465121,6.905571542,9.32573767,2879,2.588102479,0.034015644,NO
0.033330012,0.107121929,13.76757157,-33.77515161,111.2884952,53.8786251,8.230526918,8.922118686,0,1.573393592,0.03377374,NO
0.031514461,0.107147038,-13.48801238,33.79785233,113.9385149,47.62970606,8.358312472,8.92679165,2781,2.511848876,0.033519285,NO
0.030940155,0.073482094,11.14765164,-27.77573105,111.3787849,54.23868773,9.340720387,8.480890391,0,1.581547003,0.033251989,NO
0.030055494,0.073559265,0.428135463,-1.484100369,113.512061,49.41455292,9.378026003,8.320194063,2406,2.600526146,0.032971541,NO
0.029990015,0.073785917,-0.682560079,0.031095986,113.5953518,49.13272225,9.392855884,8.310648286,2522,2.605185321,0.032677602,NO
0.030493829,0.073852338,1.957119869,-6.958845429,113.4595455,49.14774423,9.399842253,8.275426956,2560,2.587505644,0.034892943,NO
0.030536184,0.073896678,-0.554458842,0.615512715,113.8344271,47.88720041,9.261053836,8.383951692,3091,2.482579918,0.033431268,NO
0.03052094,0.074088766,0.401486975,-2.401309919,113.732076,47.99825959,9.123384359,8.447770723,3052,2.506381974,0.033578417,NO
0.030399539,0.074196572,-1.660664899,1.385953233,113.8183457,47.57210387,8.947884171,8.56298537,3599,2.492258991,0.031837088,NO
0.03021253,0.07418863,2.55312827,-4.217610748,113.4909432,47.82545028,8.843460986,8.643570931,3288,2.346978238,0.029939007,NO
0.030017209,0.074212323,-2.741785335,0.910820663,113.9749176,47.06629855,8.543596928,8.85033901,3872,2.232488974,0.027852146,NO
0.029967101,0.074161761,0.694109602,-1.162618095,113.462744,47.23526999,8.251484535,9.00462491,3950,2.255324796,0.027984198,NO
0.029794727,0.073915058,-5.083535138,4.106960135,113.5989417,47.02577221,7.921166981,9.182368173,4077,2.217144475,0.028190076,NO
0.029895862,0.074245062,0.287202013,-1.482355981,112.6372901,47.79590268,7.723888566,9.22423417,3416,2.171944326,0.028961545,NO
0.034308296,0.071737826,5.358328991,-5.530739999,112.6956403,47.53212993,7.376852185,9.311928339,3615,2.112301093,0.029602785,NO
0.040572467,0.06786498,-5.485966938,5.064319114,113.7180477,46.53582746,6.853091445,9.580196419,4633,1.967290769,0.02942999,NO
0.046671486,0.064312259,4.303322693,-7.582195518,112.6918584,47.47432676,6.431538482,9.661457377,3886,1.934121154,0.029402892,NO
0.052968742,0.059564365,-1.858313128,-0.969651457,113.5268423,46.09984535,5.864810619,10.00383314,5334,1.817398379,0.028196572,NO
0.05865685,0.058049939,-1.933661693,-0.416789138,113.1818292,45.92979109,5.490627306,10.34972816,5731,1.688536042,0.026823321,NO
0.063778511,0.05742701,-3.542156008,0.691907732,112.8236432,45.85692195,5.153403552,10.68163366,5993,1.607171903,0.025292904,NO
0.07070025,0.058183299,-4.399366193,0.538905478,112.1610112,45.99187585,4.95885627,10.95155067,6334,1.572131965,0.023574734,NO
0.079125317,0.06439915,-3.829646116,-2.181989363,111.3388757,46.09477329,5.009577527,11.17977643,6283,1.537135153,0.023433368,NO
0.088923439,0.075088356,-0.904691669,-0.669751554,110.6341851,45.69724267,5.3301064,11.47174424,6723,1.524618922,0.023484544,NO
0.096028668,0.088013952,-3.515113538,-0.419977119,110.4680545,45.5746202,5.751453536,11.76236838,6641,1.427834381,0.023474332,NO
0.102811171,0.098922817,-4.24654033,2.903127949,109.8391896,45.4540964,6.374875929,12.03972747,6531,1.328693088,0.023619668,NO
0.108922869,32.35999107,-5.008893421,-1.362584149,109.0383507,45.98718143,7.411458318,12.11705444,6306,1.269064677,0.023761277,NO
0.115718585,44.98765649,-6.163827869,1.033846532,108.0998892,45.73995449,8.677503408,12.20557488,6532,1.173703504,0.023792069,NO
0.124470097,54.15215572,-22.37585233,-0.644660833,106.9188027,45.95336617,10.24988528,12.23234919,6378,1.158781154,0.019855061,NO
0.126606792,61.34337666,-7.859457886,0.288493489,102.7785987,45.83108956,13.78170614,12.34827373,4884,1.302422879,0.02003932,NO
0.127762097,67.24932083,-10.12090872,5.436607197,101.3646141,45.20674186,17.18433115,12.43120802,5236,1.263381691,0.020228264,NO
0.129555327,72.18423172,-13.21478968,2.131309837,99.33651823,46.0268833,20.92671542,10.02986279,4021,1.243715904,0.020397145,YES
0.128804334,76.3414264,-11.82410332,7.705909446,96.92898717,45.76685167,24.93985682,9.953326833,4262,1.229950465,0.020763974,YES
0.129487797,79.83783936,-13.07822233,6.146747148,94.60702422,47.14458263,29.36707184,6.587334175,3339,1.208147488,0.021088817,YES
0.130168114,82.7642449,-15.43594106,6.152384455,92.15184214,48.32484438,33.88959178,6.701507578,2740,1.165598576,0.021238735,YES
0.138671701,85.174502,-16.35567544,6.975474552,89.26866519,49.49593126,38.7963568,7.448423466,2160,1.229886874,0.021364737,YES
0.160157881,87.10464945,-13.56155828,11.4395356,86.19257396,50.84835353,44.09365572,8.80315466,1243,1.374420248,0.013856984,YES
0.200731911,88.58194603,-14.58290845,6.463481564,83.65123968,53.03534563,49.37396847,11.31438054,602,1.702992486,0.013845396,YES
0.251736159,89.63018541,-12.55409529,4.891504564,80.91128369,54.27159816,54.7540377,13.90966476,597,1.829015272,0.014153624,YES
0.29121256,90.26161904,-9.56560738,11.03003968,78.56285375,55.18760083,59.99933998,16.4333019,749,1.836654921,0.014441772,YES
0.388720737,90.48683095,-6.205589352,5.685928358,76.72973184,57.30570329,64.93416569,19.48713646,0,2.824428316,0.014588668,YES
0.384523983,90.30651878,225.2684891,-47.35597513,42.87916325,10.08971122,69.22388331,22.40993669,0,3.369189897,0.014727682,YES
0.440680476,89.67427983,-241.8418407,53.43197655,61.65014327,13.9428917,70.0688509,22.46154446,0,3.082018591,0.014837908,YES
0.494557902,89.72025244,-6.103005303,-1.402674028,61.64915407,13.95659405,74.64293587,25.26252549,0,3.399886376,0.01518645,YES
0.566134081,89.76692782,-5.040196402,1.634001483,61.63408236,13.93931677,78.80486202,27.51602498,0,3.777035962,0.015160052,YES
0.648037187,89.81087749,1.07634826,-0.962211738,61.60817669,13.87482916,82.37459057,29.50460987,0,3.923916766,0.015133529,YES
0.708854443,89.8525399,1.199502734,0.809257765,61.6284197,13.86969788,84.85515567,31.00783029,0,4.022416414,0.014667073,YES
0.752562628,89.89535769,1.524608995,0.07737443,61.61224374,13.74995542,86.7170519,32.39944643,0,4.092845107,0.013522517,YES
0.777040345,89.93562944,-1.462863713,0.637128607,61.61354243,13.7385507,87.64185566,33.36585044,0,4.135532433,0.012302755,YES
0.766628712,89.97642289,-1.61454966,-0.690076756,61.614568,13.7407719,88.03828998,34.09375403,0,4.811921163,0.011274774,YES
0.795653556,90.01796631,251.2425875,-53.0593497,77.65268905,17.1022538,87.92636657,34.54506643,0,4.701755502,0.009737714,YES
0.825280026,90.00718381,-252.3077558,54.8039956,90.39113459,19.73155662,89.3966563,33.94410908,0,4.583524113,0.007761815,YES
0.845931472,90.05297733,0.939071418,1.703246908,90.4016076,19.71116472,89.12836206,34.23028474,0,4.279795466,0.044414397,YES
0.863476971,90.10185752,-3.352079372,0.553592004,90.39690667,19.70494539,88.38645314,34.27245056,0,4.135765777,0.096697391,YES
0.873778114,90.15314846,-1.958021507,2.855826848,90.39954514,19.69517141,87.20032235,34.06303348,0,4.272176403,0.150092676,YES
0.876930953,90.20498109,-2.425300837,0.282271125,90.40217563,19.70132259,85.62352806,33.68880088,0,4.178964917,0.199126956,YES
0.875305488,90.84360699,-1.191739269,0.837791857,90.40789484,19.68903778,83.69966069,33.20103103,0,4.121612433,0.279989598,YES
0.8706882,91.07228821,-0.756027143,0.675442013,90.41493793,19.69035746,81.41939288,32.39296762,0,4.08300099,0.362326227,YES
0.86144747,90.88466377,0.437431786,0.572584858,90.37521224,19.68394538,78.83154866,31.36361932,0,4.097415203,0.450244133,YES
0.846951705,90.30961462,1.798255542,0.330913771,90.38564943,19.68374602,76.831539,29.97550718,0,4.129041477,0.533877889,YES
0.826920725,89.31755691,2.464430497,0.525114623,90.39363966,19.68314729,74.66576776,28.22644004,0,4.143126201,0.611876929,YES
0.79561485,87.89227624,1.700044758,0.514300415,90.38952456,19.68733848,72.47632557,26.47467256,0,4.108474192,0.670705511,YES
0.75995103,86.01020778,0.325044984,0.400561273,90.38411806,19.66942342,70.48502238,24.46248561,0,4.204031253,0.717016621,YES
0.713794507,83.63682505,2.256264752,0.810060999,90.37659435,19.65973455,68.68858501,22.63276183,0,4.210600696,0.761273065,YES
0.663101828,83.67098757,0.819358286,-0.0528971,90.35358281,19.65103584,67.1384656,20.90854899,0,4.226562088,0.805635799,YES
0.616993402,83.69288028,-0.05784307,0.039351259,90.32153937,19.63306609,65.97006526,19.29350093,0,4.300482058,0.846740888,YES
0.573954793,83.70884207,0.530240648,0.05898977,90.30019893,19.55249023,65.20420536,17.89279823,0,4.271026334,0.898578976,YES
0.539336286,83.72303602,-0.425893469,-0.004649224,90.2708619,19.53194079,64.70756454,17.06364699,0,4.265028949,0.937583831,YES
0.511450104,83.73248146,0.046506464,-0.070627071,90.24861621,19.52167064,64.47006447,16.46729422,0,4.280311766,0.966678693,YES
0.481814744,83.74082841,-0.630824629,0.163923164,90.23555911,19.43274752,64.39180575,16.01504034,0,4.07734722,0.988960302,YES
0.480552423,83.74609354,-0.248084355,-1.436001424,90.23054751,19.41441234,64.3990042,15.93687416,0,4.268660695,0.998675001,YES
0.370017841,83.74884918,0.852970817,1.067010699,79.49525161,17.17776888,64.43767307,15.93430614,0,4.237999635,0.988537402,YES
0.35096453,83.82926493,-0.671416532,-0.019097747,66.14886319,14.18958671,46.36551229,11.98087345,0,4.258415005,0.973146492,YES
0.336519469,86.23129409,-0.212812574,0.112590315,66.13999403,14.18568734,46.37980181,12.00929647,0,4.250331781,0.955308347,YES
0.335710235,88.14748906,0.435513798,-0.194038884,66.13364981,14.18430337,46.39750177,12.00133365,0,4.260966575,0.937505191,YES
0.336249146,88.14955632,-0.373747081,0.014345707,66.13337431,14.18224186,46.39580605,12.00462281,0,4.206670365,0.913432105,YES
0.338138641,89.61211049,0.284902186,-0.244066327,66.13299534,14.1825248,46.40119251,11.97743899,0,4.238579453,0.881716851,YES
0.33813132,90.64247014,-0.028336775,0.176456196,66.13231375,14.18246451,46.40978766,11.94893412,0,4.275356478,0.842037228,YES
0.333133866,90.64619586,0.501577918,-0.114555937,66.13191028,14.18265643,46.42270738,11.91187921,0,4.245048035,0.793236259,YES
0.118086126,91.25894642,-0.41286529,0.14065838,66.1312964,14.18135901,46.42901976,11.87393477,0,4.251510348,0.736582313,YES
0.112491933,91.26316122,0.126044768,0.075764666,46.08660879,9.969400625,46.4309548,11.81144384,0,4.242215347,0.669492829,YES
0.111334421,91.31070092,-0.039011611,-0.062249702,1.246601389,0.711367336,3.271003421,2.743668994,0,4.268150902,0.587836727,YES
0.108077993,91.31477307,0.281405486,-0.230692994,1.235697748,0.668374257,3.283856397,2.276454506,0,4.260271317,0.514556094,YES
0.105554549,91.5209518,-0.274275123,0.29684207,1.063321972,0.666115838,3.285660724,1.882122895,0,4.267577987,0.446950879,YES
0.101312603,91.52402941,-0.425797197,0.089686799,0.99543784,0.449212246,3.298703851,1.430017557,0,4.302561498,0.379748927,YES
0.093249686,91.32262872,0.989779929,-0.317625207,0.878437954,0.456801814,3.2529419,1.23049332,0,4.309446042,0.306656306,YES
0.084371529,90.71102316,-0.706801029,0.431925523,0.854754011,0.441118936,3.089212814,1.001299578,0,4.264312603,0.261446873,YES
0.077065621,90.71313749,0.180296612,-0.20711106,0.832182021,0.432488421,2.777749937,0.819239683,0,4.248802426,0.230839012,YES
0.062895947,90.71487479,-0.648973373,-0.002888316,0.850221756,0.423265906,2.30261427,0.664987349,0,4.253100478,0.21942348,YES
0.058397262,89.68410688,0.47503906,-0.097854475,0.801747719,0.421611274,1.711110264,0.539113093,0,4.260524867,0.226294161,YES
0.055217886,89.68531937,-0.368934515,0.13260434,0.689322794,0.412744585,1.164732599,0.416540747,0,4.268716712,0.238486641,YES
0.041723542,88.22087864,0.67988328,-0.014286541,0.632680481,0.403373582,0.815118468,0.329796157,0,4.288454313,0.268009867,YES
0.040399502,88.22134366,-0.590601671,0.078604405,0.643868018,0.397452792,0.613575641,0.284471966,0,4.280523295,0.302269067,YES
0.039406794,86.3013166,0.644563586,-0.114553048,0.508966796,0.36895694,0.364519158,0.267825997,0,4.268886071,0.326268892,YES
0.034891755,88.22170795,-0.417782546,0.190638163,0.492176976,0.370659158,0.356960965,0.262779197,0,4.276377702,0.35214732,YES
0.034347863,88.22184845,0.360552087,-0.218679775,0.496880531,0.372654198,0.352591454,0.261155722,0,4.283093498,0.390801563,YES
0.034335955,89.68714713,-0.879046143,0.242440483,0.511152144,0.375331569,0.350459136,0.256088144,0,4.265752375,0.441147502,YES
0.034250452,89.6872617,0.929452727,-0.148796056,0.536060737,0.376254859,0.335079826,0.250975312,0,4.272615739,0.497329203,YES
0.034173231,90.71940779,0.106741564,-0.070802568,0.53637184,0.376255846,0.329508635,0.242866244,0,4.267949669,0.596294878,YES
0.028221287,91.33314374,-0.087164377,0.046059179,0.523445951,0.374997671,0.325592934,0.236984331,0,4.237985733,0.69042088,YES
0.02344751,91.53684704,-0.842960832,0.072226102,0.544612491,0.261649364,0.330276473,0.221271563,0,4.267416479,0.777586064,YES
0.023692392,91.53723581,0.755544105,-0.09689563,0.539591014,0.175896167,0.336477552,0.126228437,0,4.263058878,0.847232036,YES
0.023800181,91.33358581,-0.477936463,0.16152611,0.532493401,0.178356992,0.328021933,0.125699545,0,4.264861835,0.889778371,YES
0.025119124,90.72000199,-0.050166783,0.053990975,0.531090641,0.177448047,0.328828348,0.129354119,0,4.279085781,0.924435986,YES
0.025119124,89.68789183,0.071625651,-0.088206586,0.52502162,0.17443682,0.32416641,0.132719375,0,4.288599641,0.966214449,YES
0.021315822,89.68793136,0.170092297,-0.114241527,0.521329915,0.175794554,0.326488675,0.134567422,0,4.277765344,1.116090382,YES
0.025668005,89.68801089,-0.152837874,0.109910914,0.519499729,0.170542725,0.320092146,0.13441935,0,4.290808016,1.327254328,YES
0.025268196,89.68802468,0.728082568,-0.189000531,0.536378297,0.171538196,0.32195283,0.125167236,0,4.285336995,1.524246221,YES
0.025400656,89.68801181,-0.681764102,0.165103586,0.543273647,0.172628993,0.335681851,0.124209161,0,4.261359939,1.744063742,YES
0.025144934,89.68805138,0.532048411,-0.077577633,0.547005524,0.171548534,0.328846852,0.116920705,0,4.286119838,2.050096449,YES
0.025134784,89.68802014,-0.68836035,0.049981488,0.56122088,0.171236735,0.336093845,0.11531446,0,4.262876417,2.386160718,YES
0.024667303,90.72011363,0.812033244,-0.066579335,0.581083255,0.17129486,0.340449009,0.115391626,0,4.276280758,2.676462975,YES
0.024667303,90.72008574,-0.116935103,-0.047435596,0.579313599,0.165885723,0.352534464,0.114147202,0,4.258507542,2.926019746,YES
0.024243846,89.68802402,-0.180711655,-0.054392235,0.57803182,0.156974177,0.353430971,0.097311705,0,4.250462541,3.13909908,YES
0.023999417,89.68805839,-0.018011854,0.058168612,0.572343848,0.156434168,0.35495322,0.100467394,0,4.252364661,3.321017788,YES
0.023999417,88.222791,-0.006681966,-0.020047424,0.542091149,0.144901337,0.349734755,0.100955816,0,4.253068576,3.486875028,YES
0.023999417,86.30236612,0.121103219,-0.301123642,0.526543631,0.131713602,0.331211575,0.090323123,0,4.250370446,3.617601818,YES
0.024559027,88.2227857,-0.100416683,0.030344272,0.525942532,0.127070835,0.33486017,0.111318977,0,4.23984277,3.721150756,YES
0.026841866,89.68805666,-0.035852705,0.009967313,0.511464176,0.127121005,0.335904145,0.128600546,0,4.232281733,3.805168246,YES
0.026832315,89.68807943,-0.531569197,0.220890093,0.513800741,0.132774079,0.319617946,0.142152272,0,4.217474674,3.876487844,YES
0.026832315,90.72010853,1.211978322,-0.110453077,0.555179994,0.13181542,0.328318362,0.142156203,0,4.238582946,3.92934331,YES
0.02683545,90.72005483,-0.33472332,-0.057483192,0.545816775,0.132120822,0.347304113,0.147077645,0,4.255155613,3.978206432,YES
0.02793067,91.33371642,-0.214372217,0.110713795,0.535811069,0.132986786,0.354544008,0.154410346,0,4.223348794,4.007724676,YES
0.028767838,91.33374489,0.439178765,-0.008462385,0.528834104,0.131470693,0.346984757,0.154878055,0,4.231930897,4.008806946,YES
0.031303259,91.53735127,-0.44802259,-0.139840365,0.529713661,0.128325845,0.36340722,0.156944787,0,4.195103006,3.982299512,YES
0.033484798,91.53733298,-0.046556667,0.154566301,0.525703294,0.126067262,0.361743292,0.159779906,0,4.198390654,3.933602977,YES
0.033391558,91.33373552,0.10388618,0.030503069,0.499015648,0.117453085,0.361579471,0.160902915,0,4.195395721,3.86127996,YES
0.033828747,91.33376749,0.370435882,0.056521209,0.474175626,0.11507945,0.333031738,0.154376962,0,4.229002325,3.75853345,YES
0.036802732,90.72010468,-0.41740058,-0.179556929,0.480242452,0.118914055,0.346666996,0.152993513,0,4.196103089,3.650487652,YES
0.034921453,89.68801346,-0.016883561,0.148166757,0.479993531,0.121919081,0.34469913,0.15617624,0,4.201555815,3.498244124,YES
0.035078772,88.2228418,0.407005891,0.073664998,0.458191964,0.121950365,0.344144086,0.155172808,0,4.2488133,3.308854973,YES
0.035956367,88.22282737,-0.205725581,-0.007743201,0.439673742,0.12068599,0.329709618,0.152145229,0,4.231399528,3.091459078,YES
0.038334281,86.30248254,0.338138419,-0.178234042,0.43377241,0.120856127,0.333082418,0.151729437,0,4.188010871,2.820986459,YES
0.037525816,83.89554666,-0.493774926,0.021083828,0.444221184,0.120382471,0.337660423,0.146333829,0,4.18385757,2.498661202,YES
0.036608116,80.95881422,0.49170575,0.085842125,0.452433264,0.120844075,0.321060617,0.135165912,0,4.181502266,2.12846605,YES
0.036531513,77.43198673,-0.901003196,0.210862087,0.482619491,0.125436942,0.320655565,0.127852315,0,4.213392811,1.86369553,YES
0.036552761,77.4318902,0.927051439,-0.198539673,0.510392372,0.128986393,0.322145789,0.132374102,0,4.201694776,1.696528882,YES
0.036492348,77.43185861,-0.36403366,-0.083418078,0.498036577,0.125235195,0.320416009,0.124998773,0,4.218281848,1.582324592,YES
0.040264712,73.22981446,-0.223088637,0.213701108,0.483257657,0.127779525,0.319636468,0.12499748,0,4.239081352,1.575736152,YES
0.044759527,73.22973561,0.655703442,0.053516345,0.488332109,0.1273418,0.305672665,0.121998286,0,4.198477265,1.681342608,YES
0.044593401,68.22781579,-0.662652655,-0.298038901,0.487071133,0.138252421,0.321509806,0.125760507,0,4.206340806,1.822641036,YES
0.044809963,68.22781847,0.586936417,0.171034449,0.476036744,0.141611192,0.294951128,0.121263748,0,4.188445727,1.970147946,YES
0.045257444,62.23336465,-0.587673262,0.102909507,0.488012224,0.142574599,0.304974341,0.120092276,0,4.211853771,2.111756114,YES
0.045466412,54.92238367,-0.027876788,0.014261056,0.48690613,0.142158099,0.306433797,0.124723405,0,4.179512889,2.237048972,YES
0.045340412,45.66679646,0.486780634,-0.11473192,0.494898855,0.143474195,0.306060261,0.13056941,0,4.179501938,2.345174188,YES
0.045339112,32.86286331,-0.033782401,-0.001952944,0.494969031,0.14342346,0.307700643,0.130816838,0,4.163230821,2.428403522,YES
0.045247719,0.00140127,-0.041828949,-0.067187261,0.494675302,0.132365878,0.307191575,0.131385003,0,4.233508956,2.498833936,YES
0.045346888,0.001410703,-0.181125172,0.04940786,0.49552117,0.132518725,0.307812156,0.123234598,0,4.251375472,2.546408528,YES
0.044944946,0.00141471,-0.042136383,-0.013108376,0.495541831,0.132582267,0.304029208,0.116446883,0,4.247581954,2.581287521,YES
0.044988784,0.001428162,0.002090183,0.042248012,0.484964762,0.126596788,0.298965182,0.108982273,0,4.248774127,2.598215502,YES
0.046420141,0.001442312,-0.15408405,0.011908094,0.430879378,0.124784484,0.254046966,0.10978352,0,4.28941678,2.590351616,YES
0.047532665,32.86299645,0.323864015,-0.281335035,0.431047387,0.135030304,0.248973708,0.108353996,0,4.213950766,2.564100709,YES
0.047290379,32.86299275,-0.379577078,0.050018171,0.434949322,0.133751938,0.249620987,0.109662396,0,4.272877208,2.513141157,YES
0.048389479,32.86298747,0.034961143,0.033832391,0.426961969,0.133912254,0.252609736,0.112527582,0,4.27197292,2.431617584,YES
0.05113695,32.86300142,0.04322637,-0.010969507,0.419195888,0.131358187,0.251483195,0.113711177,0,4.260998033,2.321990994,YES
0.052253638,32.863001,0.471517015,0.166946724,0.427805179,0.131869311,0.251663617,0.108895947,0,4.282711884,2.184463582,YES
0.056325741,32.86299312,-0.403122832,-0.128320161,0.434221794,0.133915391,0.253520902,0.108360272,0,4.264758807,2.031595752,YES
0.059538351,32.86299417,0.256144816,0.24295361,0.431352652,0.140865666,0.253455642,0.109559883,0,4.271638907,1.863679182,YES
0.057245693,32.86300169,0.11966225,-0.017137005,0.424683695,0.136612386,0.250677772,0.11285674,0,4.250167453,1.668744586,YES
0.05939873,32.86299936,-0.49978301,-0.00049944,0.43493098,0.134090293,0.252396034,0.110781019,0,4.225013329,1.500499919,YES
0.060910984,45.66691115,-0.173764429,-0.175388902,0.428988147,0.137347662,0.25420375,0.112700749,0,4.221086809,1.366542062,YES
0.062069199,54.92248895,-0.064744675,-0.027620966,0.427667683,0.137416589,0.263284273,0.112959027,0,4.212663028,1.225172115,YES
0.060721511,62.23345852,-0.012993618,-0.07775992,0.422398493,0.134215816,0.277416632,0.113793456,0,4.258245768,1.08295944,YES
0.062464358,62.23349319,0.200099253,0.131532087,0.414960356,0.136336278,0.28142177,0.114924932,0,4.208251117,0.961871663,YES
0.064073768,68.22795127,-0.13346717,-0.042483416,0.4047214,0.135653435,0.284573066,0.113076107,0,4.2091476,0.835040704,YES
0.065287044,73.22993897,0.017443881,-0.017885065,0.369447025,0.129602233,0.282089838,0.113747835,0,4.291630287,0.729064924,YES
0.062607708,73.23002624,0.226564028,0.063353977,0.329069683,0.12514347,0.275085653,0.109477686,0,4.232639746,0.684690541,YES
0.0625598,77.43202771,-0.185127219,0.06888091,0.324180214,0.124745574,0.262209605,0.109516583,0,4.236184223,0.666751494,YES
0.060827573,80.95877722,-0.028540406,-0.040066743,0.321763902,0.118536572,0.266195202,0.108547772,0,4.247302863,0.683125082,YES
0.057888451,83.89556853,0.005081653,0.063550497,0.296547564,0.11871767,0.27091587,0.106225671,0,4.281627253,0.702262929,YES
0.059194514,86.30244084,0.026688444,-0.203292824,0.271302368,0.111659315,0.254282272,0.101954492,0,4.281704444,0.721967229,YES
0.059990525,88.22288673,-0.023309541,0.022130214,0.247200584,0.106995914,0.257293846,0.102238934,0,4.298527872,0.755015852,YES
0.063217198,89.68817125,0.337250699,-0.127481891,0.231843244,0.107237164,0.241929291,0.10342612,0,4.26458558,0.798601968,YES
0.065137987,89.68823274,0.177459414,0.368115783,0.23384513,0.127811429,0.242667759,0.106718344,0,4.215298232,0.856690717,YES
0.064597785,89.68830615,-0.481293511,-0.220394319,0.232915885,0.132423998,0.247738343,0.104903428,0,4.248744105,0.918024041,YES
0.066889751,89.68835373,0.065394728,0.14091429,0.233415171,0.135065045,0.238982975,0.104564261,0,4.26512065,0.980196224,YES
0.066654989,90.72051129,0.447472075,0.02530114,0.248216018,0.134529234,0.228892943,0.104691108,0,4.255258421,1.059568887,YES
0.066651186,90.72056625,-0.473455277,-0.048456697,0.260971048,0.134557786,0.228464263,0.106487918,0,4.266055524,1.125991428,YES
0.066561752,91.33424592,0.398977115,-0.009079583,0.27132042,0.13454628,0.227249715,0.106478694,0,4.251837407,1.183797872,YES
0.069177187,91.53787113,-0.160814485,0.000281069,0.272999179,0.134311097,0.231641546,0.106529028,0,4.21658246,1.238783294,YES
0.068894967,91.53786714,0.044941592,-0.013225216,0.271558781,0.134304373,0.231221926,0.105703314,0,4.272746232,1.2824392,YES
0.068894967,91.53785949,-0.051309047,0.046268134,0.264969405,0.123720329,0.233041848,0.104301656,0,4.172363841,1.32155214,YES
0.068732155,91.33423837,-0.184512646,-0.258690761,0.257797895,0.1326872,0.226914671,0.099499525,0,4.192539179,1.341868345,YES
0.068588331,91.33421825,0.51659663,0.095705936,0.274512604,0.133731928,0.226951731,0.101973876,0,4.208416546,1.338779126,YES
0.067149908,91.33412166,-0.012119468,0.05718606,0.274508898,0.134107476,0.240714633,0.101411568,0,4.037945281,1.326024768,YES
0.067943467,91.33405906,-1.131813694,-0.900319056,0.332363064,0.209462872,0.252290941,0.09920803,0,4.024031028,1.291547222,YES
0.065177285,91.3338114,-0.442987446,-0.076904642,0.333943564,0.208863265,0.271239323,0.196846779,0,4.23626989,1.284159148,YES
0.063522396,91.3335776,1.143924877,1.057765699,0.394921836,0.284868357,0.340677617,0.265858983,0,4.175660281,1.293989266,YES
0.064828837,90.7198683,-0.099068941,-0.190310263,0.394443607,0.286894091,0.33315693,0.263292432,0,4.181035266,1.30223172,YES
0.064828837,90.7198489,0.067583067,-0.026505255,0.384029924,0.286904843,0.318811228,0.260507554,0,4.197999022,1.283883085,YES
0.063539151,91.33351925,-0.001234037,0.085304197,0.382618919,0.285683688,0.318879115,0.257582692,0,4.125680299,1.265448156,YES
0.061727341,91.53719514,-0.001200316,-0.205263716,0.382387939,0.288068273,0.317815115,0.257358524,0,4.113861329,1.242756051,YES
0.061746184,91.33347199,0.087808942,-0.065775418,0.382636199,0.287976101,0.31527681,0.259855802,0,4.168637751,1.205720633,YES
0.059880451,91.33331343,0.187366616,0.282072349,0.382427102,0.291765842,0.312754579,0.264052798,0,4.04325341,1.178361813,YES
0.057647596,90.71963887,-1.392604508,-0.681809491,0.460079308,0.317053936,0.317118336,0.263449385,0,4.190130681,1.146147538,YES
0.056783891,89.68729369,1.581235108,0.769190305,0.546234533,0.34854575,0.37534473,0.288471547,0,4.144454775,1.111738117,YES
0.056874192,89.68722671,-0.170780796,-0.042579919,0.545907958,0.348445777,0.385148887,0.289441094,0,4.116407488,1.077536495,YES
0.056912786,88.22202961,-0.304445144,-0.275208706,0.547796819,0.351716843,0.389132906,0.289070434,0,4.17222141,1.031975809,YES
0.056890376,86.30157738,0.337662382,0.204992316,0.551110428,0.353890821,0.388331645,0.288333907,0,4.184348701,0.984917537,YES
0.05748285,83.8947141,-0.00771061,0.099911403,0.551124502,0.354193057,0.391557592,0.286704856,0,4.196764687,0.920731715,YES
0.055869873,80.95809081,-0.338113304,-0.052941008,0.554893456,0.352320088,0.393933974,0.284607593,0,4.18893442,0.851705733,YES
0.053478067,77.43138423,0.508706599,0.032358105,0.562443985,0.352345181,0.392811877,0.285081854,0,4.154943272,0.829524812,YES
0.048224245,73.22935707,-0.154182399,-0.044020866,0.560086131,0.351613466,0.399613499,0.285848728,0,4.112527296,0.824051696,YES
0.047020253,73.22932872,0.007766324,-0.200884599,0.559143062,0.346669844,0.402302314,0.285861017,0,4.119268502,0.871339867,YES
0.046968575,73.22923643,-0.338161098,-0.114688534,0.555497014,0.345031341,0.402000047,0.281387811,0,4.116543783,0.938660343,YES
0.040471057,73.22914752,-0.133837446,0.086660917,0.55593298,0.344352877,0.400616498,0.283910665,0,4.161417468,1.033898227,YES
0.042040204,68.22719154,0.39418112,0.235679886,0.554529717,0.347271049,0.401545883,0.281329534,0,4.168571711,1.119093363,YES
0.041155437,68.22715791,-0.456010223,-0.040882562,0.554029431,0.347241201,0.398761247,0.277598232,0,4.184639244,1.189708076,YES
0.041332524,62.23276909,0.447104602,0.06145644,0.555303163,0.347450364,0.400515776,0.274730983,0,4.201801221,1.243025616,YES
0.039713998,54.92184366,0.024889426,0.036280859,0.554504711,0.34752248,0.399402441,0.272956398,0,4.032280661,1.289197745,YES
0.043609759,54.92183287,-0.98659899,-0.7832846,0.583142354,0.375727642,0.401204149,0.271926741,0,4.228150474,1.327038177,YES
0.041970662,45.66631165,1.100675473,0.92106354,0.618548793,0.413641083,0.423576154,0.289469599,0,4.173351389,1.35443198,YES
0.042524206,32.86266637,-0.12729518,-0.295761026,0.618021638,0.414501749,0.428412564,0.291954831,0,4.121153191,1.369744584,YES
0.042271423,32.86265406,-0.367039165,-0.196303843,0.614101394,0.415626952,0.430231442,0.292092083,0,4.190837027,1.373825746,YES
0.042115514,32.86264432,0.477071586,0.406205093,0.620754916,0.422367326,0.423107968,0.292265659,0,4.108119188,1.380795065,YES
0.041001508,32.86264899,-0.587190833,-0.35135639,0.593987975,0.392741609,0.4202839,0.294567427,0,4.137703037,1.378983147,YES
0.040739517,32.8626792,0.251464918,0.242414546,0.589025187,0.394316453,0.402286012,0.262458591,0,4.177989617,1.379498953,YES
0.039385481,32.8627128,0.111694993,0.069512117,0.551150443,0.343678162,0.338849675,0.213774878,0,4.105038832,1.379674732,YES
0.037987679,0.002293294,-0.260039522,-0.254341358,0.552968935,0.345089364,0.339030338,0.212683026,0,4.214442362,1.372057215,YES
0.037333972,0.002272528,0.621966731,0.467293632,0.564496083,0.355561192,0.339725921,0.213070184,0,4.168734228,1.338246265,YES
0.037737222,32.86245312,-0.639472564,0.015670502,0.577097331,0.355301294,0.348512571,0.224968655,0,4.015778973,1.298991555,YES
0.037869763,45.66588333,-0.659961856,-0.827200328,0.589382719,0.385230232,0.350437286,0.236154192,0,4.194730856,1.252172401,YES
0.041689355,45.66590123,1.271396299,0.694814825,0.635112808,0.405898263,0.385082033,0.248262739,0,4.1022804,1.1806341,YES
0.052108141,45.66594645,-0.370598636,0.088639713,0.638003595,0.403043642,0.392689567,0.249847585,0,4.116088676,1.118207924,YES
0.060885035,54.92155454,-0.160454953,0.002862253,0.582894039,0.381378399,0.391032839,0.257134554,0,4.125711736,1.049094384,YES
0.069791716,62.23235659,-0.181163752,-0.182259485,0.50543112,0.356710801,0.32105511,0.235439819,0,4.093092652,0.970179189,YES
0.069802562,68.22674788,-0.481195039,0.207533822,0.51170038,0.358595866,0.319512763,0.235509103,0,4.132857667,0.889236575,YES
0.069519385,73.22846763,0.05234853,0.219442065,0.509321762,0.35646805,0.348101427,0.242604082,0,4.120757947,0.796540656,YES
0.079966219,77.43029109,-0.271844317,-0.051994454,0.506654354,0.355077687,0.371233109,0.257965026,0,4.044029838,0.688578857,YES
0.084574667,80.95684496,-0.312256033,-0.248249887,0.508995016,0.357932128,0.405811986,0.271090476,0,4.03020002,0.541192205,YES
0.094953977,83.89338766,0.390857966,0.078763047,0.512248719,0.358007302,0.458517202,0.273274322,0,4.017824187,0.375046566,YES
0.105539361,86.30015021,-0.495112779,-0.021752401,0.508784006,0.358022812,0.480293998,0.277614183,0,4.020384565,0.275023593,YES
0.114273707,88.22046166,-0.00739227,0.014272125,0.508563091,0.357892404,0.519118578,0.280972046,0,3.991423463,0.167671096,YES
0.117820437,89.68561468,-0.249628201,0.02454506,0.509617885,0.355686514,0.554755623,0.284371542,0,3.920242206,0.11304934,YES
0.121846736,90.71774474,0.493235416,0.299786558,0.516790656,0.358440647,0.599977893,0.28427472,0,3.897451318,0.093111476,YES
0.125402456,91.3315419,-0.397277678,0.173846387,0.520716033,0.359262932,0.616442619,0.291676552,0,3.885871494,0.09192276,YES
0.129986653,91.53520763,-0.360212334,0.230706829,0.516938258,0.359167588,0.652700231,0.310735942,0,3.881612067,0.091653403,YES
0.132729081,91.33146609,0.034474697,-0.012107665,0.512072813,0.359000783,0.697314462,0.348968806,0,3.847276138,0.097533069,YES
0.140011323,90.71763831,-0.705732215,0.39158894,0.516364523,0.364872077,0.74115475,0.378729522,0,3.801291933,0.108103886,YES
0.147846601,89.68531349,-0.62594372,0.098577189,0.524842571,0.364995906,0.816977856,0.435370446,0,3.824361883,0.118209391,YES
0.152623529,88.21980452,0.516510953,-0.118675998,0.510282629,0.33146582,0.927267517,0.489728872,0,3.742944455,0.121775426,YES
0.155880572,86.29947518,-0.860530581,0.397955888,0.480612943,0.297107199,0.993782199,0.490162179,0,3.783780627,0.127705192,YES
0.163882414,83.89235755,0.434788173,-0.22899069,0.491552672,0.29465103,1.089141222,0.552418105,0,3.748525239,0.138023992,YES
0.163675958,80.95568972,-0.075297641,0.153966175,0.489197763,0.291296019,1.137136015,0.580805351,0,3.666011649,0.148234106,YES
0.167013829,77.42905212,-0.73483302,0.038253976,0.489809522,0.284138211,1.189410334,0.604392972,0,3.727124414,0.173062445,YES
0.171375245,73.22701961,0.281121939,-0.136806597,0.488242527,0.276177908,1.259688726,0.637273309,0,3.668213261,0.194690903,YES
0.171488695,68.22525497,-0.583644321,0.022854864,0.490549218,0.274104278,1.315223181,0.643714691,0,3.679435111,0.216227964,YES
0.169344949,62.23091169,-0.283582335,0.362862688,0.488838782,0.279862855,1.385447451,0.655735115,0,3.652094979,0.233947447,YES
0.164947932,54.91994756,-0.788429444,-0.270722549,0.502130141,0.280519378,1.451649634,0.684937259,0,3.601610983,0.247262476,YES
0.165468981,45.66475781,-0.354076994,-0.043420504,0.480075745,0.270444474,1.563622261,0.682353719,0,3.54164011,0.257296903,YES
0.155230228,45.66455403,-0.441477047,-0.08065519,0.475220919,0.271385013,1.646403832,0.691356019,0,3.322617667,0.272558466,YES
0.146407958,45.66437238,-1.521145751,-0.156813837,0.527276877,0.220035897,1.762552751,0.694773076,0,3.445253756,0.290575445,YES
0.139795097,32.86131602,1.235519311,0.630324301,0.523792187,0.21389969,1.992828119,0.645425551,0,3.38148178,0.30826657,YES
0.136456137,0.007448848,-0.537338697,-1.003777276,0.526242635,0.289113013,2.03571993,0.656070523,0,3.351432634,0.316984769,YES
0.133258645,0.007366201,-0.050926594,0.382118426,0.527142393,0.296252042,2.104526559,0.639394175,0,3.474101614,0.311774493,YES
0.13027913,0.007570324,0.305658421,0.91462355,0.536093659,0.333361302,2.156364425,0.624323621,0,3.339563963,0.304720953,YES
0.11252202,0.0080806,0.135977313,-0.209388514,0.537291872,0.336348663,2.17489428,0.633411043,0,3.371098181,0.292478367,YES
0.094812867,0.008397499,0.833109692,0.172621156,0.567616336,0.335699504,2.188752617,0.63376269,0,3.445664603,0.274058368,YES
0.091316271,0.008792328,0.120743602,0.765340463,0.569626193,0.358665638,2.151409305,0.647226096,0,3.478358312,0.254820611,YES
0.083346825,0.009379628,0.428017774,0.032121768,0.578473974,0.353229988,2.110077046,0.703641293,0,3.463484665,0.246866303,YES
0.081419049,0.010178709,0.476676463,0.115425904,0.581337212,0.353229092,2.061944149,0.734450711,0,3.439723446,0.244787231,YES
0.079712308,0.010773228,-0.384478899,0.112663313,0.579261444,0.352510058,1.977149349,0.764351756,0,3.449781144,0.245041354,YES
0.077618298,0.011453779,0.945456632,0.48414492,0.611025815,0.358839405,1.912195224,0.787081698,0,3.416858809,0.245672623,YES
0.073064196,0.011901157,0.22585885,-0.040875488,0.612918224,0.359625463,1.833537619,0.833128186,0,3.404789371,0.250210613,YES
0.069657711,0.012542561,0.76924485,0.341973336,0.623712117,0.36045076,1.76294121,0.858667229,0,3.312293763,0.265530876,YES
0.070484441,0.012692413,0.363561527,0.843531887,0.625218443,0.384037124,1.670480903,0.911384768,0,3.290571525,0.287421103,YES
0.07142447,0.012803029,1.691696582,0.175565744,0.697089141,0.3837181,1.610342019,1.025446074,0,3.243237249,0.311126661,YES
0.072773522,0.012997882,0.909954524,0.57472888,0.715437581,0.390706353,1.665060194,1.134862794,0,3.171699269,0.34629192,YES
0.073693766,0.013070175,1.339804069,0.770050366,0.737324717,0.404399769,1.785257271,1.265455659,0,3.121931966,0.383553876,YES
0.073720697,0.013211223,1.798313564,0.665666487,0.783502097,0.41408463,2.037611308,1.444533653,0,3.086615433,0.415527403,YES
0.072843162,0.013362039,1.319550369,0.389196892,0.807798244,0.411450153,2.43230265,1.644735169,0,3.059553234,0.443252158,YES
0.073921439,0.013332868,0.410347588,0.148304192,0.781347644,0.409952015,2.871578151,1.831016026,0,3.008469101,0.467899393,YES
0.07587292,0.013325447,0.683126642,0.097807055,0.784401057,0.402502769,3.274955271,2.000777781,0,2.96944448,0.49089481,YES
0.077829352,0.012965992,0.049389051,-0.252465708,0.782760526,0.411144966,3.666489839,2.138621952,0,2.944372176,0.510607164,YES
0.078584768,0.012496484,-0.131421307,-0.707456274,0.763073834,0.442300073,4.002814783,2.237425252,0,2.940747957,0.523262124,YES
0.077507669,0.012004619,0.043784903,-0.116864779,0.76459326,0.441837845,4.279677352,2.280668756,0,2.95829009,0.532271561,YES
0.07904408,0.011392934,-0.039793685,-0.03632172,0.749204635,0.442651761,4.52346996,2.300581894,0,2.907544394,0.535207059,YES
0.079613206,0.010711136,-0.036531575,-0.249773975,0.743696748,0.447489518,4.725280751,2.306792036,0,2.917245322,0.534312269,YES
0.082679177,0.010006092,0.143190105,-0.441425788,0.714402182,0.454038179,4.890486698,2.305466279,0,2.831171705,0.531936527,YES
0.086436275,0.009646746,-0.590940478,-0.06497421,0.723787416,0.454359565,5.016413753,2.271865978,0,2.815031487,0.527778888,YES
0.093080678,0.009260063,0.651956365,-0.269805565,0.709964466,0.458843896,5.078027363,2.225019184,0,2.799443127,0.514885527,YES
0.09877361,0.008820355,0.694704463,-0.372833369,0.613374744,0.465240468,5.124751233,2.159021757,0,2.768114081,0.490994251,YES
0.110889952,0.008012101,-0.073923813,-0.504330452,0.602794815,0.46912922,5.102415973,2.069312836,0,2.831772767,0.457204662,YES
0.12620927,0.007592357,-0.639963309,0.378193569,0.608657083,0.423613089,5.094179801,2.001455528,0,2.77240004,0.421545854,YES
0.142572647,0.006623191,0.355494693,-0.063927167,0.602464904,0.422524448,5.00098113,1.862400913,0,2.678812549,0.406625734,YES
0.158718233,0.005784594,-0.776024865,0.230650077,0.64108405,0.395877563,4.878722615,1.731264865,0,2.651719615,0.393210952,YES
0.16901869,0.005852931,1.845614191,-0.253903316,0.691664819,0.39715437,4.709132924,1.645876318,0,2.641258487,0.370284479,YES
0.179105777,0.005292466,0.165688155,-0.548065532,0.689566298,0.413893214,4.565313709,1.535700865,0,2.615658267,0.332920411,YES
0.189415577,0.005049763,0.577403746,-0.540518411,0.687649054,0.407228728,4.430571224,1.432753963,0,2.582513158,0.319280735,YES
0.209056699,0.005414497,0.723452863,-0.520567623,0.689576522,0.419442581,4.277620291,1.390016655,0,2.522620559,0.302639164,YES
0.226747986,0.006401714,1.619240478,-0.412938907,0.721874993,0.42596867,4.130101199,1.370985858,0,2.466446764,0.279714378,YES
0.234659465,0.007200535,1.089280361,-1.084387979,0.710477496,0.468406704,4.036982651,1.381932981,0,2.491208615,0.25668392,YES
0.24442424,0.00873032,0.760726892,-0.605412937,0.707615349,0.468119513,3.909167078,1.476189594,0,2.426052582,0.241686275,YES
0.252212777,0.010847398,0.975689671,-0.468262916,0.709689638,0.473287878,3.824639323,1.631064391,0,2.408560692,0.229346767,YES
0.252084231,0.012399137,1.444618856,-0.144045569,0.727170231,0.466019584,3.742839301,1.804947026,0,2.442483319,0.224274466,YES
0.246283739,0.013725848,0.412245113,-0.117176228,0.726727212,0.429622885,3.743086502,1.97684918,0,2.414076142,0.223491678,YES
0.239975138,0.015323583,0.809347511,-0.36739967,0.697473303,0.427088836,3.712428094,2.14362257,0,2.397446648,0.256275896,YES
0.230086074,0.017240521,1.812650586,-0.372932736,0.732098844,0.405128489,3.787592687,2.312709449,0,2.386513868,0.277400742,YES
0.222115719,0.018370516,0.730769004,-0.587276906,0.718659214,0.367759539,3.987046263,2.477027302,0,2.381600235,0.280647957,YES
0.217400293,0.019696528,0.977266224,-0.295633482,0.684745429,0.325611252,4.234594079,2.636795787,0,2.306213368,0.283164019,YES
0.208789433,0.020877368,0.08213398,0.865960371,0.672934614,0.367877434,4.560222695,2.762426654,0,2.268872628,0.292380837,YES
0.204682088,0.022343964,1.065302885,0.06214491,0.680762332,0.364937405,4.861016294,2.792423065,0,2.201839519,0.299924544,YES
0.204704388,0.023597924,1.100159827,-0.163908324,0.688545219,0.359201874,5.180592991,2.787826557,0,2.14589628,0.298872713,YES
0.200926539,0.024638177,0.664850916,-0.104295832,0.68293768,0.360432589,5.52622812,2.760090299,0,2.064996569,0.295553372,YES
0.205735624,0.025495631,1.766510811,0.170729228,0.705315986,0.358713131,5.846193951,2.723962975,0,1.907013414,0.295553372,YES
0.196877687,0.025805183,3.410828609,-0.504760762,0.862243785,0.36135228,6.20780694,2.69328657,0,1.941007792,0.292084622,YES
0.189292454,0.025707733,0.817601529,-1.460050326,0.850177078,0.421343973,6.729215257,2.66731928,0,1.903996839,0.288461074,YES
0.183251589,0.025208194,0.572635913,-1.440133742,0.837863976,0.470273072,7.193740216,2.690567336,0,1.834383873,0.286262253,YES
0.183000264,0.025989372,3.03425831,0.222058331,0.924695133,0.480506391,7.589515537,2.783358197,0,1.711380684,0.284020613,YES
0.176510201,0.026075627,5.793762245,-1.315368053,1.2533505,0.511629076,8.097014165,2.843304999,0,1.700374012,0.281735131,YES
0.169335781,0.025425847,2.084698479,1.364489013,1.263647832,0.600137496,8.894450322,2.95437327,0,1.650867007,0.279404731,YES
0.162279768,0.024329102,2.144891894,-0.708714392,1.274120103,0.604688572,9.688758254,2.955292481,0,1.61290774,0.279404731,YES
0.162350602,0.023987383,3.488029147,-0.249147691,1.318598668,0.60364965,10.48389714,2.981785594,0,1.543041936,0.279404731,YES
0.160710838,0.02423105,4.947032464,0.613389718,1.425786029,0.614211775,11.35025258,3.014707609,0,1.437714455,0.279404731,YES
0.160203121,0.023428285,4.916490366,5.917608548,1.539988806,1.290158193,12.36136467,2.966393014,0,1.409587474,0.279404731,YES
0.159942737,0.02272537,3.865996417,-0.872496845,1.522466363,1.296294301,13.52327434,2.84614302,0,1.426183544,0.279404731,YES
0.154457117,0.026766364,3.006827838,-1.082133374,1.538605554,1.307777377,14.66900463,2.680364535,0,1.510212973,0.279404731,YES
0.147310531,0.035728025,3.046517778,-4.562232058,1.521034741,1.534698495,15.82760046,2.499224769,0,1.615526537,0.281074619,YES
0.142903807,0.046549062,2.95399479,-1.787587799,1.510295547,1.558365444,16.92997526,2.433728725,0,1.570440035,0.256229127,YES
0.142503256,0.05952296,4.178954973,0.341760863,1.54073317,1.56274619,17.98327049,2.478222836,0,1.418051448,0.239456005,YES
0.145722094,0.072984997,6.055414452,1.369323212,1.696147089,1.592100113,19.07863255,2.489229693,0,1.547290682,0.237179866,YES
0.143402182,0.100883167,-0.659968903,0.612856212,1.766631329,1.591419043,20.37487248,2.42023829,0,1.436185085,0.239456005,YES
0.144010685,0.111041034,4.855171242,-0.246392225,1.808573236,1.589528099,21.34750607,2.367304265,0,1.557204542,0.245574518,YES
0.145911818,0.135236259,-1.878530916,0.512659991,1.952449553,1.593414103,22.39153443,2.335746761,0,1.536060816,0.255177132,YES
0.143071093,0.142113634,1.394593393,0.065140828,1.953182357,1.593872851,23.07370474,2.297853945,0,1.538896144,0.268553029,YES
0.199122937,0.150273242,-0.07225097,0.564612676,1.970811136,1.599022275,23.65436365,2.254826633,0,1.46281134,0.286228873,YES
0.202840314,0.157781528,6.716100193,1.098369342,2.113639479,1.61336059,24.01886452,2.19951623,0,1.429053748,0.29451773,YES
0.206801137,0.213787978,-2.225453027,0.736355792,2.276551478,1.618779816,24.55631756,2.152807606,0,1.449449109,0.307350751,YES
0.21296184,0.240321454,0.472748915,0.155801771,2.283140672,1.615620995,24.80889369,2.128855406,0,1.471355649,0.339216551,YES
0.218824045,0.265341957,0.789221357,-0.007807492,2.287111935,1.614683699,24.89814582,2.125900337,0,1.483030605,0.371870111,YES
0.216773858,0.288632008,1.075875065,0.337800363,2.261237788,1.607844421,24.85440102,2.12964058,0,1.399148189,0.401887093,NO
0.216965778,0.309229397,-1.635432991,0.625359197,2.364037631,1.612022714,24.64379342,2.118087797,0,1.380613587,0.43280469,NO
0.221153868,0.312420341,1.983493048,0.078501272,2.35505785,1.611745169,24.19830652,2.125762955,0,1.357272876,0.465547677,NO
0.22244175,0.313253923,3.266862876,-0.132146371,2.342464112,1.611824185,23.67002271,2.142110222,0,1.341209543,0.493934239,NO
0.225463962,0.313746438,2.914809091,0.568930174,2.342170404,1.614796818,23.0740703,2.156437596,0,1.332107018,0.517903586,NO
0.225195426,0.311830927,3.072707224,0.628484809,2.337834369,1.615178474,22.45025886,2.188642913,0,1.340342637,0.539014973,NO
0.223076169,0.307552106,2.719726587,1.015523609,2.32012167,1.597722462,21.90912876,2.264186526,0,1.358425788,0.556100821,NO
0.222942705,0.301050341,2.598326714,1.411983349,2.293548194,1.584798533,21.26502493,2.406216773,0,1.363116343,0.566738907,NO
0.223037243,0.294390225,3.233084292,1.229730428,2.29544121,1.594994664,20.47159545,2.603044545,0,1.358017378,0.57752129,NO
0.222552255,0.286505808,3.800695708,0.900128823,2.224679498,1.569856288,19.72725672,2.85742703,0,1.346845058,0.58599528,NO
0.222570469,0.277358141,3.674783493,1.563978261,2.234914279,1.574716623,19.28134035,3.090038094,0,1.368797861,0.590179728,NO
0.223070134,0.26563762,3.735835871,0.723904703,2.245293737,1.562973392,18.87171065,3.431881138,0,1.390778267,0.588118833,NO
0.226269306,0.255097322,3.154656135,0.518225905,2.241276963,1.558180621,18.50432214,3.740822817,0,1.48437675,0.581101388,NO
0.229993299,0.24505784,1.891218551,0.151837251,2.196729176,1.558585887,18.24402867,4.012281233,0,1.529126908,0.56790494,NO
0.231053148,0.235769643,2.484316462,0.080416912,2.146099004,1.161737042,18.12127606,4.253669272,0,1.523015886,0.566171918,NO
0.232788155,0.227299927,3.280179972,0.101474744,2.134453635,1.143620629,18.17791047,4.513691131,0,1.555092762,0.560342304,NO
